-- phpMyAdmin SQL Dump
-- version 5.2.0
-- https://www.phpmyadmin.net/
--
-- Host: localhost:3306
-- Generation Time: Nov 30, 2022 at 06:36 AM
-- Server version: 8.0.30
-- PHP Version: 7.4.19

SET SQL_MODE = "NO_AUTO_VALUE_ON_ZERO";
START TRANSACTION;
SET time_zone = "+00:00";


/*!40101 SET @OLD_CHARACTER_SET_CLIENT=@@CHARACTER_SET_CLIENT */;
/*!40101 SET @OLD_CHARACTER_SET_RESULTS=@@CHARACTER_SET_RESULTS */;
/*!40101 SET @OLD_COLLATION_CONNECTION=@@COLLATION_CONNECTION */;
/*!40101 SET NAMES utf8mb4 */;

--
-- Database: `db_simpeosis`
--

-- --------------------------------------------------------

--
-- Table structure for table `calon_osis`
--

CREATE TABLE `calon_osis` (
  `id_calon` int NOT NULL,
  `nama_calon` varchar(100) NOT NULL,
  `visimisi` text NOT NULL,
  `gambar` varchar(100) NOT NULL,
  `jumlah_vote` int NOT NULL
) ENGINE=MyISAM DEFAULT CHARSET=latin1;

--
-- Dumping data for table `calon_osis`
--

INSERT INTO `calon_osis` (`id_calon`, `nama_calon`, `visimisi`, `gambar`, `jumlah_vote`) VALUES
(2, 'DEO ANDREAS SYAPUTRA', '<p style=\"text-align: center;\"><strong>VISI</strong></p>\r\n<p style=\"text-align: left;\">Menjadikan osis Smk negeri 1 Tapen sebagai organisasi yang berkomentar, aktif, kreatif, inovatif serta sebagai wadah dalam menampung kreativitas siswa</p>\r\n<p style=\"text-align: center;\"><strong>MISI</strong></p>\r\n<p>1. Mengaktifkan proses kerja seluruh pengurus osis sesuai dengan program kerjanya.</p>\r\n<p>2. Menjalin kerja sama dengan organisasi lainnya.</p>\r\n<p>3. Memajukan semua kegiatan ekstrakulikuler yang ada di sekolah</p>', '580230.jpg', 202),
(1, 'ADITYA IBRAR ABDILLAH', '<p style=\"text-align: center;\"><strong>VISI</strong></p>\r\n<p style=\"text-align: left;\">Menjadi wadah bagi siswa untuk meningkatkan segala potensi yang ada sehingga terbentuk siswa yang cerdas, kreatif, berprestasi, berakhlak mulia dan menjaga nama baik sekolah menjadi sekolah yang unggul ditingkat nasional dan menjadikan OSIS sebagai sarana untuk menampung inspirasi dan aspirasi siswa dalam berbagai kegiatan</p>\r\n<p style=\"text-align: center;\"><strong>MISI</strong></p>\r\n<p>1. Melaksanakan kegiatan yang dapat meningkatkan hubungan positif antara guru dan siswa<br /><br />2. Mengoptimalkan kreativitas siswa SMKN 1 TAPEN melalui ekstrakurikuler dan meningkatkan kegiatan kegiatan keagamaan bagi seluruh siswa SMKN 1 TAPEN<br /><br />3. Menjadi OSIS yang terbuka dengan guru dan siswa supaya terjalin keharmonisan disegala kegiatan disekolah</p>', '736205.jpg', 126),
(3, 'RESTU AJI PRASETYO SAPUTRA', '<p style=\"text-align: center;\"><strong>VISI</strong></p>\r\n<p>Menjadikan OSIS SMKN 1 Tapen sebagai wadah untuk menampung inspirasi, aspirasi, dan kreatifitas. Membentuk generasi yang cerdas, berkarakter, dan paham teknologi informasi serta mewujudkan SMKN&nbsp; 1 Tapen sebagai sekolah yang bermutu, berakhlak mulia, berani tampil beda, jujur, adil, dan disiplin</p>\r\n<p style=\"text-align: center;\"><strong>MISI</strong></p>\r\n<p>1. Meningkatkan rasa cinta terhadap Tuhan YME</p>\r\n<p>2. Menumbuhkan budaya literasi dan penelitian melalui berbagai seminar maupun kegiatan lainnya</p>\r\n<p>3. Menyalurkan bakat dan potensi siswa/siswi melalui berbagai kegiatan ekstrakurikuler</p>\r\n<p>4. Menumbuhkan sifat jujur dan berani dalam berbagai aktifitas</p>\r\n<p>5. Sarana sosialisasi dan menampung aspirasi para siswa/siswi</p>', '225856.jpg', 53),
(4, 'MUHAMMAD RAYHAN', '<p style=\"text-align: center;\"><strong>VISI</strong></p>\r\n<p style=\"text-align: left;\">Menjadi wadah bagi siswa untuk&nbsp; mengembangkan segala potensi yang ada sehingga terbentuk siswa yang cerdas, kreatif, dinamis, berprestasi, berakhlak mulia dan menjaga nama baik sekolah menuju sekolah yang unggul di tingkat nasional</p>\r\n<p style=\"text-align: center;\"><strong>MISI</strong></p>\r\n<p style=\"text-align: left;\">1. Membentuk pengurus yang cerdas dan solid</p>\r\n<p style=\"text-align: left;\">2. Melaksanakan kegiatan yang dapat meningkatkan hubungan positif antara guru dan siswa.</p>\r\n<p style=\"text-align: left;\">3. Menciptakan kondisi lingkungan sekolah yang kondusif dalam belajar, untuk menghasilkan siswa yang berkompetensi dan mandiri.</p>\r\n<p style=\"text-align: left;\">4. Mengaktifkan kelompok belajar dari masing-masing kelas</p>\r\n<p style=\"text-align: left;\">5. Memaksimalkan peran siswa dalam menjaga kebersihan lingkungan</p>', '168990.jpg', 33);

-- --------------------------------------------------------

--
-- Table structure for table `hasil_voting`
--

CREATE TABLE `hasil_voting` (
  `id_user` int NOT NULL,
  `id_calon` int NOT NULL,
  `tanggal` varchar(200) NOT NULL
) ENGINE=InnoDB DEFAULT CHARSET=latin1;

--
-- Dumping data for table `hasil_voting`
--

INSERT INTO `hasil_voting` (`id_user`, `id_calon`, `tanggal`) VALUES
(100, 3, '26-10-2021 09:30:36 am'),
(101, 1, '26-10-2021 09:38:24 am'),
(102, 2, '26-10-2021 09:48:08 am'),
(104, 4, '26-10-2021 09:10:53 am'),
(105, 3, '26-10-2021 10:25:58 am'),
(106, 3, '26-10-2021 09:30:20 am'),
(107, 1, '26-10-2021 09:35:46 am'),
(108, 4, '26-10-2021 09:29:19 am'),
(109, 2, '26-10-2021 10:27:56 am'),
(110, 1, '26-10-2021 10:19:08 am'),
(111, 3, '26-10-2021 09:34:34 am'),
(112, 4, '26-10-2021 09:24:15 am'),
(113, 3, '26-10-2021 09:28:42 am'),
(114, 2, '26-10-2021 09:56:56 am'),
(115, 3, '26-10-2021 09:49:37 am'),
(116, 1, '26-10-2021 09:35:52 am'),
(117, 2, '26-10-2021 10:16:50 am'),
(118, 2, '26-10-2021 09:46:46 am'),
(119, 2, '26-10-2021 09:45:54 am'),
(120, 3, '26-10-2021 09:47:24 am'),
(121, 3, '26-10-2021 09:34:14 am'),
(122, 3, '26-10-2021 09:43:47 am'),
(123, 4, '26-10-2021 09:25:35 am'),
(124, 2, '26-10-2021 09:38:58 am'),
(125, 2, '26-10-2021 09:38:55 am'),
(126, 4, '26-10-2021 09:11:21 am'),
(128, 3, '26-10-2021 09:20:00 am'),
(129, 1, '26-10-2021 09:30:25 am'),
(130, 1, '26-10-2021 10:18:29 am'),
(131, 4, '26-10-2021 09:34:13 am'),
(132, 4, '26-10-2021 09:25:24 am'),
(133, 1, '26-10-2021 09:35:58 am'),
(134, 4, '26-10-2021 09:42:32 am'),
(135, 3, '26-10-2021 10:19:11 am'),
(136, 4, '26-10-2021 10:25:21 am'),
(137, 3, '26-10-2021 09:24:58 am'),
(138, 4, '26-10-2021 10:54:32 am'),
(139, 1, '26-10-2021 09:44:41 am'),
(140, 3, '26-10-2021 09:33:19 am'),
(141, 3, '26-10-2021 09:45:55 am'),
(142, 2, '26-10-2021 11:04:46 am'),
(143, 1, '26-10-2021 10:06:09 am'),
(200, 4, '26-10-2021 10:01:57 am'),
(201, 1, '26-10-2021 09:58:44 am'),
(203, 1, '26-10-2021 10:50:02 am'),
(204, 1, '26-10-2021 10:12:53 am'),
(206, 2, '26-10-2021 11:02:21 am'),
(207, 2, '26-10-2021 10:23:20 am'),
(208, 1, '26-10-2021 10:46:53 am'),
(209, 2, '26-10-2021 10:45:11 am'),
(210, 2, '26-10-2021 09:38:18 am'),
(211, 1, '26-10-2021 09:43:52 am'),
(212, 1, '26-10-2021 10:20:28 am'),
(213, 2, '26-10-2021 10:00:07 am'),
(214, 2, '26-10-2021 11:49:20 am'),
(215, 1, '26-10-2021 10:45:35 am'),
(216, 1, '26-10-2021 10:52:12 am'),
(217, 1, '26-10-2021 10:48:56 am'),
(218, 2, '26-10-2021 11:11:32 am'),
(103111, 2, '10-11-2022 16:11:33 pm'),
(103112, 4, '26-10-2021 10:24:32 am'),
(103113, 4, '26-10-2021 10:24:53 am'),
(103114, 1, '26-10-2021 10:25:42 am'),
(103115, 2, '26-10-2021 10:27:00 am'),
(103116, 2, '26-10-2021 10:22:23 am'),
(103117, 2, '26-10-2021 10:25:44 am'),
(103119, 2, '26-10-2021 10:24:40 am'),
(103120, 2, '26-10-2021 10:25:09 am'),
(103122, 2, '26-10-2021 10:25:51 am'),
(103123, 2, '26-10-2021 10:24:46 am'),
(103124, 2, '26-10-2021 10:24:55 am'),
(103125, 2, '26-10-2021 10:24:30 am'),
(103126, 2, '26-10-2021 10:26:12 am'),
(103127, 2, '26-10-2021 10:24:58 am'),
(103128, 2, '26-10-2021 10:23:35 am'),
(103129, 2, '26-10-2021 10:24:44 am'),
(103130, 2, '26-10-2021 10:23:34 am'),
(103131, 2, '26-10-2021 10:22:45 am'),
(103132, 1, '26-10-2021 10:25:51 am'),
(103133, 1, '26-10-2021 10:49:10 am'),
(103135, 2, '26-10-2021 10:48:33 am'),
(103136, 2, '26-10-2021 10:47:41 am'),
(103137, 2, '26-10-2021 10:47:31 am'),
(103139, 2, '26-10-2021 10:48:06 am'),
(103140, 2, '26-10-2021 10:48:21 am'),
(103142, 2, '26-10-2021 10:48:21 am'),
(103143, 2, '26-10-2021 10:47:00 am'),
(103146, 1, '26-10-2021 10:48:56 am'),
(103148, 2, '26-10-2021 10:48:21 am'),
(103149, 2, '26-10-2021 10:47:43 am'),
(103150, 2, '26-10-2021 10:50:15 am'),
(103151, 2, '26-10-2021 10:50:11 am'),
(103153, 2, '26-10-2021 10:50:00 am'),
(103154, 2, '26-10-2021 10:47:21 am'),
(103155, 2, '26-10-2021 10:49:50 am'),
(103156, 2, '26-10-2021 09:20:49 am'),
(103158, 2, '26-10-2021 13:49:00 pm'),
(103160, 2, '26-10-2021 09:18:26 am'),
(103162, 1, '26-10-2021 09:19:36 am'),
(103164, 2, '26-10-2021 09:20:44 am'),
(103165, 1, '26-10-2021 09:48:06 am'),
(103166, 2, '26-10-2021 09:19:39 am'),
(103167, 3, '26-10-2021 17:17:33 pm'),
(103168, 1, '26-10-2021 09:19:35 am'),
(103169, 1, '26-10-2021 09:48:01 am'),
(103170, 1, '26-10-2021 09:19:26 am'),
(103172, 2, '26-10-2021 11:12:23 am'),
(103173, 2, '26-10-2021 09:19:27 am'),
(103174, 1, '26-10-2021 11:20:43 am'),
(103175, 2, '26-10-2021 09:20:14 am'),
(103177, 2, '26-10-2021 09:20:35 am'),
(103178, 2, '26-10-2021 09:19:56 am'),
(103179, 1, '26-10-2021 13:24:27 pm'),
(103180, 1, '26-10-2021 09:17:45 am'),
(103181, 2, '26-10-2021 09:18:24 am'),
(103182, 2, '26-10-2021 09:20:57 am'),
(103183, 2, '26-10-2021 09:20:11 am'),
(103185, 1, '26-10-2021 09:33:12 am'),
(103186, 1, '26-10-2021 10:13:01 am'),
(103187, 2, '26-10-2021 09:37:25 am'),
(103188, 2, '26-10-2021 09:28:28 am'),
(103189, 2, '26-10-2021 10:13:07 am'),
(103190, 1, '26-10-2021 09:28:02 am'),
(103191, 2, '26-10-2021 09:28:13 am'),
(103192, 1, '26-10-2021 09:32:59 am'),
(103193, 2, '26-10-2021 09:28:18 am'),
(103194, 1, '26-10-2021 09:33:02 am'),
(103195, 2, '26-10-2021 09:32:30 am'),
(103197, 2, '26-10-2021 09:38:19 am'),
(103198, 2, '26-10-2021 09:28:09 am'),
(103199, 2, '26-10-2021 09:37:06 am'),
(103200, 2, '26-10-2021 09:37:00 am'),
(103201, 3, '26-10-2021 09:28:19 am'),
(103202, 3, '26-10-2021 09:28:30 am'),
(103203, 2, '26-10-2021 10:42:45 am'),
(103204, 1, '26-10-2021 10:13:16 am'),
(103205, 1, '26-10-2021 10:13:20 am'),
(103206, 2, '26-10-2021 09:30:32 am'),
(103207, 2, '26-10-2021 10:13:01 am'),
(103208, 2, '26-10-2021 09:50:25 am'),
(103209, 2, '26-10-2021 09:34:29 am'),
(103210, 1, '26-10-2021 09:29:08 am'),
(103211, 2, '26-10-2021 09:31:45 am'),
(103212, 2, '26-10-2021 09:32:33 am'),
(103215, 1, '26-10-2021 09:43:54 am'),
(103216, 2, '26-10-2021 09:39:01 am'),
(103218, 2, '26-10-2021 09:39:27 am'),
(103219, 2, '26-10-2021 09:44:33 am'),
(103220, 2, '26-10-2021 09:39:39 am'),
(103221, 2, '26-10-2021 09:45:44 am'),
(103223, 2, '26-10-2021 09:45:12 am'),
(103225, 2, '26-10-2021 09:44:32 am'),
(103226, 2, '26-10-2021 09:39:22 am'),
(103229, 2, '26-10-2021 09:44:06 am'),
(103230, 1, '26-10-2021 09:47:22 am'),
(103231, 1, '26-10-2021 09:44:15 am'),
(103232, 2, '26-10-2021 09:45:28 am'),
(103233, 2, '26-10-2021 09:45:05 am'),
(103234, 1, '26-10-2021 09:43:49 am'),
(103235, 4, '26-10-2021 09:44:11 am'),
(103236, 1, '26-10-2021 09:43:50 am'),
(103237, 1, '26-10-2021 09:44:30 am'),
(103238, 2, '26-10-2021 09:39:25 am'),
(103239, 1, '26-10-2021 09:44:05 am'),
(103240, 2, '26-10-2021 09:43:13 am'),
(103242, 2, '26-10-2021 09:44:28 am'),
(103243, 2, '26-10-2021 09:47:12 am'),
(103245, 4, '26-10-2021 09:45:28 am'),
(103247, 2, '26-10-2021 09:39:08 am'),
(103248, 1, '26-10-2021 09:56:17 am'),
(103250, 1, '26-10-2021 09:56:18 am'),
(103252, 1, '26-10-2021 09:55:46 am'),
(103254, 1, '26-10-2021 09:56:14 am'),
(103258, 1, '26-10-2021 09:56:12 am'),
(103260, 1, '26-10-2021 09:56:07 am'),
(103264, 1, '26-10-2021 09:57:07 am'),
(103268, 1, '26-10-2021 09:56:07 am'),
(103270, 1, '26-10-2021 09:57:09 am'),
(103271, 2, '26-10-2021 09:56:59 am'),
(103272, 1, '26-10-2021 10:15:39 am'),
(103275, 2, '26-10-2021 09:57:17 am'),
(103277, 1, '26-10-2021 09:57:02 am'),
(103280, 2, '26-10-2021 09:56:33 am'),
(103282, 1, '26-10-2021 09:55:59 am'),
(103283, 2, '26-10-2021 10:11:43 am'),
(103285, 2, '26-10-2021 10:11:05 am'),
(103289, 1, '26-10-2021 10:12:37 am'),
(103293, 2, '26-10-2021 10:11:25 am'),
(103297, 1, '26-10-2021 10:10:56 am'),
(103303, 2, '26-10-2021 10:11:28 am'),
(103305, 2, '26-10-2021 10:09:41 am'),
(103306, 2, '26-10-2021 10:13:00 am'),
(103307, 1, '26-10-2021 10:10:27 am'),
(103309, 1, '26-10-2021 10:09:38 am'),
(103311, 4, '26-10-2021 10:12:12 am'),
(103312, 1, '26-10-2021 10:11:29 am'),
(103313, 2, '26-10-2021 10:10:35 am'),
(103315, 2, '26-10-2021 10:11:25 am'),
(103316, 1, '26-10-2021 10:11:29 am'),
(116112, 1, '26-10-2021 09:24:14 am'),
(116114, 2, '26-10-2021 09:23:09 am'),
(116115, 4, '26-10-2021 09:28:02 am'),
(116116, 2, '26-10-2021 09:27:42 am'),
(116117, 4, '26-10-2021 09:29:29 am'),
(116120, 2, '26-10-2021 09:31:14 am'),
(116121, 3, '26-10-2021 09:26:31 am'),
(116122, 1, '26-10-2021 09:26:16 am'),
(116124, 1, '26-10-2021 09:26:33 am'),
(116127, 2, '26-10-2021 09:28:03 am'),
(116129, 2, '26-10-2021 09:26:48 am'),
(116130, 2, '26-10-2021 09:29:44 am'),
(116132, 2, '26-10-2021 09:27:12 am'),
(116133, 2, '26-10-2021 09:26:44 am'),
(116134, 1, '26-10-2021 09:27:08 am'),
(116135, 2, '26-10-2021 09:29:43 am'),
(116136, 2, '26-10-2021 09:26:58 am'),
(116137, 1, '26-10-2021 09:27:07 am'),
(116139, 2, '26-10-2021 09:27:11 am'),
(116140, 3, '26-10-2021 09:26:42 am'),
(116142, 2, '26-10-2021 09:27:30 am'),
(116143, 1, '26-10-2021 09:27:45 am'),
(116145, 3, '26-10-2021 09:26:33 am'),
(116146, 2, '26-10-2021 09:29:58 am'),
(116147, 2, '26-10-2021 09:26:45 am'),
(116148, 2, '26-10-2021 09:29:34 am'),
(116150, 2, '26-10-2021 09:31:22 am'),
(116151, 2, '26-10-2021 09:55:09 am'),
(116152, 2, '26-10-2021 09:55:25 am'),
(116153, 2, '26-10-2021 10:00:25 am'),
(116154, 2, '26-10-2021 10:00:07 am'),
(116158, 2, '26-10-2021 10:00:12 am'),
(116159, 2, '26-10-2021 10:03:39 am'),
(116160, 2, '26-10-2021 10:04:45 am'),
(116161, 2, '26-10-2021 10:02:32 am'),
(116163, 2, '26-10-2021 10:10:28 am'),
(116165, 2, '26-10-2021 10:10:40 am'),
(116167, 2, '26-10-2021 10:15:12 am'),
(116168, 2, '26-10-2021 10:14:39 am'),
(116169, 2, '26-10-2021 10:15:25 am'),
(116170, 2, '26-10-2021 10:18:49 am'),
(116171, 2, '26-10-2021 10:18:22 am'),
(116172, 2, '26-10-2021 10:18:38 am'),
(116173, 2, '26-10-2021 10:22:23 am'),
(116175, 2, '26-10-2021 10:22:25 am'),
(116176, 2, '26-10-2021 10:22:40 am'),
(116177, 3, '26-10-2021 10:23:51 am'),
(116178, 2, '26-10-2021 10:26:34 am'),
(116179, 2, '26-10-2021 10:25:45 am'),
(116180, 2, '26-10-2021 10:26:35 am'),
(116181, 2, '26-10-2021 10:26:05 am'),
(116182, 2, '26-10-2021 10:27:40 am'),
(116183, 1, '26-10-2021 09:52:10 am'),
(116184, 1, '26-10-2021 09:46:30 am'),
(116185, 1, '26-10-2021 09:46:36 am'),
(116187, 1, '26-10-2021 09:46:35 am'),
(116188, 1, '26-10-2021 09:42:49 am'),
(116189, 3, '26-10-2021 09:41:56 am'),
(116190, 1, '26-10-2021 09:41:41 am'),
(116191, 1, '26-10-2021 09:40:09 am'),
(116192, 1, '26-10-2021 09:37:26 am'),
(116194, 1, '26-10-2021 09:36:13 am'),
(116196, 1, '26-10-2021 09:38:55 am'),
(116197, 1, '26-10-2021 09:33:04 am'),
(116200, 1, '26-10-2021 09:32:16 am'),
(116202, 2, '26-10-2021 09:30:50 am'),
(116207, 1, '26-10-2021 09:28:01 am'),
(116210, 1, '26-10-2021 09:27:41 am'),
(116211, 1, '26-10-2021 09:27:08 am'),
(116213, 1, '26-10-2021 09:53:24 am'),
(116214, 1, '26-10-2021 10:01:23 am'),
(116215, 2, '26-10-2021 09:56:16 am'),
(116216, 1, '26-10-2021 09:53:33 am'),
(116217, 1, '26-10-2021 09:49:53 am'),
(116218, 1, '26-10-2021 09:50:01 am'),
(116221, 2, '26-10-2021 09:58:15 am'),
(116222, 2, '26-10-2021 09:49:17 am'),
(116223, 2, '26-10-2021 09:48:26 am'),
(116225, 2, '26-10-2021 10:01:10 am'),
(116228, 1, '26-10-2021 10:01:07 am'),
(116229, 2, '26-10-2021 10:01:25 am'),
(116230, 4, '26-10-2021 10:01:14 am'),
(116231, 4, '26-10-2021 10:08:09 am'),
(116232, 2, '26-10-2021 10:07:16 am'),
(116235, 2, '26-10-2021 10:07:36 am'),
(116236, 2, '26-10-2021 10:12:05 am'),
(116238, 3, '26-10-2021 10:13:33 am'),
(116239, 2, '26-10-2021 10:10:39 am'),
(116240, 3, '26-10-2021 10:13:25 am'),
(116241, 2, '26-10-2021 10:16:24 am'),
(116242, 2, '26-10-2021 10:14:01 am'),
(116246, 2, '26-10-2021 10:15:58 am'),
(116249, 2, '26-10-2021 10:20:33 am'),
(116250, 2, '26-10-2021 10:16:24 am'),
(116252, 2, '26-10-2021 10:17:35 am'),
(116254, 2, '26-10-2021 09:48:05 am'),
(116255, 1, '26-10-2021 09:48:41 am'),
(116257, 1, '26-10-2021 09:33:32 am'),
(116258, 2, '26-10-2021 09:43:12 am'),
(116260, 2, '26-10-2021 09:54:14 am'),
(116261, 1, '26-10-2021 09:44:05 am'),
(116262, 2, '26-10-2021 09:43:37 am'),
(116263, 1, '26-10-2021 09:50:11 am'),
(116264, 1, '26-10-2021 09:46:21 am'),
(116268, 2, '26-10-2021 09:46:28 am'),
(116269, 2, '26-10-2021 09:45:41 am'),
(116270, 2, '26-10-2021 09:49:09 am'),
(116271, 1, '26-10-2021 09:33:28 am'),
(116272, 1, '26-10-2021 09:42:24 am'),
(116273, 2, '26-10-2021 09:40:16 am'),
(116274, 1, '26-10-2021 09:38:52 am'),
(116276, 1, '26-10-2021 09:44:47 am'),
(116278, 2, '26-10-2021 09:38:56 am'),
(116279, 2, '26-10-2021 09:40:05 am'),
(116280, 2, '26-10-2021 09:40:32 am'),
(116283, 1, '26-10-2021 09:44:18 am'),
(116285, 2, '26-10-2021 09:35:25 am'),
(116286, 2, '26-10-2021 09:55:04 am'),
(116287, 2, '26-10-2021 09:31:27 am'),
(116288, 2, '26-10-2021 09:38:36 am'),
(129111, 4, '26-10-2021 09:54:05 am'),
(129112, 1, '26-10-2021 11:59:01 am'),
(129115, 1, '26-10-2021 09:53:46 am'),
(129119, 4, '26-10-2021 09:54:18 am'),
(129121, 4, '26-10-2021 09:54:19 am'),
(129122, 2, '26-10-2021 11:01:23 am'),
(129127, 1, '26-10-2021 09:54:21 am'),
(129128, 2, '26-10-2021 17:37:13 pm'),
(129129, 3, '26-10-2021 09:55:04 am'),
(129131, 1, '26-10-2021 11:33:26 am'),
(129132, 1, '26-10-2021 10:56:35 am'),
(129133, 1, '26-10-2021 09:53:50 am'),
(129135, 2, '26-10-2021 09:54:32 am'),
(129137, 2, '26-10-2021 09:54:23 am'),
(129139, 1, '26-10-2021 09:54:09 am'),
(129142, 4, '26-10-2021 11:02:01 am'),
(129144, 3, '26-10-2021 09:09:26 am'),
(129145, 4, '26-10-2021 09:07:49 am'),
(129147, 2, '26-10-2021 09:08:36 am'),
(129148, 2, '26-10-2021 10:02:16 am'),
(129149, 2, '26-10-2021 10:40:48 am'),
(129150, 3, '26-10-2021 09:09:19 am'),
(129151, 2, '26-10-2021 09:08:20 am'),
(129152, 4, '26-10-2021 09:12:33 am'),
(129153, 2, '26-10-2021 09:08:12 am'),
(129154, 2, '26-10-2021 09:09:14 am'),
(129155, 3, '26-10-2021 09:13:05 am'),
(129156, 2, '26-10-2021 09:08:25 am'),
(129157, 2, '26-10-2021 09:08:14 am'),
(129158, 3, '26-10-2021 09:13:03 am'),
(129159, 4, '26-10-2021 11:02:03 am'),
(129160, 3, '26-10-2021 10:02:34 am'),
(129161, 4, '26-10-2021 10:09:32 am'),
(129162, 2, '26-10-2021 11:01:58 am'),
(129163, 2, '26-10-2021 10:34:04 am'),
(129165, 4, '26-10-2021 11:04:53 am'),
(129167, 2, '26-10-2021 10:23:34 am'),
(129168, 2, '26-10-2021 10:21:40 am'),
(129169, 4, '26-10-2021 11:04:30 am'),
(129170, 3, '26-10-2021 10:02:38 am'),
(129171, 2, '26-10-2021 11:18:41 am'),
(129172, 4, '26-10-2021 11:04:32 am'),
(129174, 4, '26-10-2021 11:02:41 am'),
(129175, 1, '26-10-2021 09:17:57 am'),
(129176, 1, '26-10-2021 09:18:26 am'),
(129177, 1, '26-10-2021 09:19:01 am'),
(129179, 2, '26-10-2021 09:17:05 am'),
(129183, 3, '26-10-2021 09:18:13 am'),
(129185, 3, '26-10-2021 09:16:45 am'),
(129186, 2, '26-10-2021 09:17:21 am'),
(129187, 3, '26-10-2021 09:17:58 am'),
(129188, 1, '26-10-2021 09:18:17 am'),
(129190, 2, '26-10-2021 09:17:03 am'),
(129192, 3, '26-10-2021 18:12:54 pm'),
(129194, 2, '26-10-2021 10:27:22 am'),
(129196, 2, '26-10-2021 10:33:55 am'),
(129199, 2, '26-10-2021 19:00:06 pm'),
(129201, 3, '26-10-2021 11:06:30 am'),
(129202, 3, '26-10-2021 10:32:29 am'),
(129204, 3, '26-10-2021 11:04:56 am'),
(129207, 1, '26-10-2021 11:07:50 am'),
(129209, 2, '26-10-2021 19:35:56 pm'),
(129213, 3, '26-10-2021 09:29:31 am'),
(129215, 3, '26-10-2021 09:29:39 am'),
(129226, 2, '26-10-2021 10:33:28 am'),
(129235, 3, '26-10-2021 09:29:47 am'),
(129244, 1, '26-10-2021 09:37:21 am'),
(129247, 3, '26-10-2021 09:36:30 am'),
(129248, 3, '26-10-2021 09:33:12 am'),
(129249, 1, '26-10-2021 09:35:18 am'),
(129250, 1, '26-10-2021 09:35:23 am'),
(129252, 1, '26-10-2021 09:37:18 am'),
(129254, 2, '26-10-2021 09:33:27 am'),
(129255, 1, '26-10-2021 09:37:23 am'),
(129256, 1, '26-10-2021 09:33:38 am'),
(129258, 1, '26-10-2021 09:32:23 am'),
(129260, 1, '26-10-2021 09:33:38 am'),
(129264, 1, '26-10-2021 09:33:33 am'),
(129265, 3, '26-10-2021 10:38:46 am'),
(129266, 1, '26-10-2021 09:33:19 am'),
(129268, 3, '26-10-2021 10:04:55 am'),
(129270, 1, '26-10-2021 09:34:18 am'),
(129272, 1, '26-10-2021 09:33:18 am'),
(129275, 3, '26-10-2021 11:21:40 am'),
(129276, 3, '26-10-2021 09:41:18 am'),
(129278, 1, '26-10-2021 09:41:15 am'),
(129285, 3, '26-10-2021 09:49:24 am'),
(129289, 3, '26-10-2021 09:43:44 am'),
(129291, 3, '26-10-2021 09:44:14 am'),
(129293, 1, '26-10-2021 09:49:18 am'),
(129297, 3, '26-10-2021 09:48:35 am'),
(129302, 3, '26-10-2021 12:22:09 pm'),
(129306, 2, '26-10-2021 12:27:35 pm'),
(129309, 3, '26-10-2021 09:44:36 am'),
(129311, 4, '26-10-2021 09:44:16 am');

--
-- Triggers `hasil_voting`
--
DELIMITER $$
CREATE TRIGGER `delete` AFTER DELETE ON `hasil_voting` FOR EACH ROW BEGIN
 UPDATE calon_osis SET jumlah_vote=jumlah_vote-1
 WHERE id_calon=OLD.id_calon;
END
$$
DELIMITER ;
DELIMITER $$
CREATE TRIGGER `tambah` AFTER INSERT ON `hasil_voting` FOR EACH ROW BEGIN
 UPDATE calon_osis SET jumlah_vote=jumlah_vote+1
 WHERE id_calon=NEW.id_calon;
END
$$
DELIMITER ;

-- --------------------------------------------------------

--
-- Table structure for table `setting_waktu`
--

CREATE TABLE `setting_waktu` (
  `id_setting` int NOT NULL,
  `waktu` date NOT NULL
) ENGINE=InnoDB DEFAULT CHARSET=utf8mb3;

--
-- Dumping data for table `setting_waktu`
--

INSERT INTO `setting_waktu` (`id_setting`, `waktu`) VALUES
(1, '2022-11-23');

-- --------------------------------------------------------

--
-- Table structure for table `users`
--

CREATE TABLE `users` (
  `id_user` int NOT NULL,
  `nama` varchar(40) NOT NULL,
  `username` varchar(30) NOT NULL,
  `password` varchar(255) NOT NULL,
  `akses` int NOT NULL,
  `joining_date` timestamp NOT NULL DEFAULT CURRENT_TIMESTAMP
) ENGINE=MyISAM DEFAULT CHARSET=latin1;

--
-- Dumping data for table `users`
--

INSERT INTO `users` (`id_user`, `nama`, `username`, `password`, `akses`, `joining_date`) VALUES
(103111, 'ADE IRAWAN', '103111', '12345678', 2, '2021-10-11 05:08:33'),
(103112, 'Ahmad Adib', '103112', '12345678', 2, '2021-10-11 05:08:33'),
(103113, 'Ahmad Kurniawan', '103113', '12345678', 2, '2021-10-11 05:08:33'),
(103114, 'Alfiana', '103114', '12345678', 2, '2021-10-11 05:08:33'),
(103115, 'Ari Johanes Virgo', '103115', '12345678', 2, '2021-10-11 05:08:33'),
(103116, 'BAHRUL ULUM', '103116', '12345678', 2, '2021-10-11 05:08:33'),
(103117, 'Eva Agustin', '103117', '12345678', 2, '2021-10-11 05:08:33'),
(103118, 'FARHAN AINUR ROHIM', '103118', '12345678', 2, '2021-10-11 05:08:33'),
(103119, 'FEBRIYANTO', '103119', '12345678', 2, '2021-10-11 05:08:33'),
(103120, 'HARIS', '103120', '12345678', 2, '2021-10-11 05:08:33'),
(103121, 'Ismatul karimah', '103121', '12345678', 2, '2021-10-11 05:08:33'),
(103122, 'MELI NUR WASILA', '103122', '12345678', 2, '2021-10-11 05:08:33'),
(103123, 'Mohammad Iklil Alifil Ridhotullah', '103123', '12345678', 2, '2021-10-11 05:08:33'),
(103124, 'Muhammad Bebun', '103124', '12345678', 2, '2021-10-11 05:08:33'),
(103125, 'Muhammad Ega Priyono', '103125', '12345678', 2, '2021-10-11 05:08:33'),
(103126, 'Nadia Ayu Safitri', '103126', '12345678', 2, '2021-10-11 05:08:33'),
(103127, 'Novel Santoso', '103127', '12345678', 2, '2021-10-11 05:08:33'),
(103128, 'Rio Widianto', '103128', '12345678', 2, '2021-10-11 05:08:33'),
(103129, 'SAKILA FEBRI YUANITA', '103129', '12345678', 2, '2021-10-11 05:08:33'),
(103130, 'SUBRIANTIKO', '103130', '12345678', 2, '2021-10-11 05:08:33'),
(103131, 'SYAHRIR ROYHAN', '103131', '12345678', 2, '2021-10-11 05:08:33'),
(103132, 'Uswatun Hasanah', '103132', '12345678', 2, '2021-10-11 05:08:33'),
(103133, 'AHMAD REZA ARDIANSYAH', '103133', '12345678', 2, '2021-10-11 05:08:33'),
(103134, 'Ahmad Zidqi Rofa\'il', '103134', '12345678', 2, '2021-10-11 05:08:33'),
(103135, 'Alfiana Rosida', '103135', '12345678', 2, '2021-10-11 05:08:33'),
(103136, 'Aliyatul Hasanah', '103136', '12345678', 2, '2021-10-11 05:08:33'),
(103137, 'AYU WULANDARI', '103137', '12345678', 2, '2021-10-11 05:08:33'),
(103138, 'Bagus Hidayat', '103138', '12345678', 2, '2021-10-11 05:08:33'),
(103139, 'Dicky Indra Saputra', '103139', '12345678', 2, '2021-10-11 05:08:33'),
(103140, 'ERFAN HADINATA', '103140', '12345678', 2, '2021-10-11 05:08:33'),
(103141, 'HAIRUL AHMAD FARISI', '103141', '12345678', 2, '2021-10-11 05:08:33'),
(103142, 'Jufron hadi', '103142', '12345678', 2, '2021-10-11 05:08:33'),
(103143, 'LUTVIANA ULFA', '103143', '12345678', 2, '2021-10-11 05:08:33'),
(103144, 'MILIANA PUTRI', '103144', '12345678', 2, '2021-10-11 05:08:33'),
(103145, 'Moh. Arif Prayogi', '103145', '12345678', 2, '2021-10-11 05:08:33'),
(103146, 'Mohammad Huzein', '103146', '12345678', 2, '2021-10-11 05:08:33'),
(103147, 'Mohammad Septian Yuda Pratama', '103147', '12345678', 2, '2021-10-11 05:08:33'),
(103148, 'Muhammad Alfani', '103148', '12345678', 2, '2021-10-11 05:08:33'),
(103149, 'Muhammad Galang Firzatullah', '103149', '12345678', 2, '2021-10-11 05:08:33'),
(103150, 'Nabila Dwi Ferbiyanti', '103150', '12345678', 2, '2021-10-11 05:08:33'),
(103151, 'Sandra Hafira', '103151', '12345678', 2, '2021-10-11 05:08:33'),
(103152, 'SELVIANI', '103152', '12345678', 2, '2021-10-11 05:08:33'),
(103153, 'Sofi Nofita', '103153', '12345678', 2, '2021-10-11 05:08:33'),
(103154, 'TRIVENA MANASYE DARSONO', '103154', '12345678', 2, '2021-10-11 05:08:33'),
(103155, 'Wahyu Rhomadani', '103155', '12345678', 2, '2021-10-11 05:08:33'),
(103156, 'ABDURAHMAN AFANDI', '103156', '12345678', 2, '2021-10-11 05:08:33'),
(103157, 'ACHMAD FAQIH', '103157', '12345678', 2, '2021-10-11 05:08:33'),
(103158, 'AHMAD HAMDI', '103158', '12345678', 2, '2021-10-11 05:08:33'),
(103159, 'Chefto Defranco', '103159', '12345678', 2, '2021-10-11 05:08:33'),
(103160, 'Citra Lestari', '103160', '12345678', 2, '2021-10-11 05:08:33'),
(103161, 'Divan Yasiddik', '103161', '12345678', 2, '2021-10-11 05:08:33'),
(103162, 'DWI AYU FAHRUL FEBRYANTI', '103162', '12345678', 2, '2021-10-11 05:08:33'),
(103163, 'Fathor Rosid Ahmadani', '103163', '12345678', 2, '2021-10-11 05:08:33'),
(103164, 'FERIYANTO', '103164', '12345678', 2, '2021-10-11 05:08:33'),
(103165, 'IMAM MAULADI SAPUTRA', '103165', '12345678', 2, '2021-10-11 05:08:33'),
(103166, 'LINDA YULIANTIKA', '103166', '12345678', 2, '2021-10-11 05:08:33'),
(103167, 'Lukman Hakim', '103167', '12345678', 2, '2021-10-11 05:08:33'),
(103168, 'Misbahul Munir', '103168', '12345678', 2, '2021-10-11 05:08:33'),
(103169, 'MOCHAMMAD FIKRI', '103169', '12345678', 2, '2021-10-11 05:08:33'),
(103170, 'Moh. Adib Abidillah', '103170', '12345678', 2, '2021-10-11 05:08:33'),
(103171, 'Mohamad Muzammil', '103171', '12345678', 2, '2021-10-11 05:08:33'),
(103172, 'Muh. As\'adi Ridho As Safi\'i', '103172', '12345678', 2, '2021-10-11 05:08:33'),
(103173, 'Muhammad Angga', '103173', '12345678', 2, '2021-10-11 05:08:33'),
(103174, 'Muhammad Bagus Haerul Anam', '103174', '12345678', 2, '2021-10-11 05:08:33'),
(103175, 'MUHAMMAD EGY FIRMANSYAH', '103175', '12345678', 2, '2021-10-11 05:08:33'),
(103176, 'Muhammad Lutfi', '103176', '12345678', 2, '2021-10-11 05:08:33'),
(103177, 'Muhammad Robin Ibnul Mubarok', '103177', '12345678', 2, '2021-10-11 05:08:33'),
(103178, 'Nadia Lailatul Qodriah', '103178', '12345678', 2, '2021-10-11 05:08:33'),
(103179, 'RENDI BIMA SATRIO', '103179', '12345678', 2, '2021-10-11 05:08:33'),
(103180, 'Rifatul Hasanah', '103180', '12345678', 2, '2021-10-11 05:08:33'),
(103181, 'silvi uhsiatul rohmah', '103181', '12345678', 2, '2021-10-11 05:08:33'),
(103182, 'SITI AISYAH', '103182', '12345678', 2, '2021-10-11 05:08:33'),
(103183, 'tia ramadhani', '103183', '12345678', 2, '2021-10-11 05:08:33'),
(103184, 'Yoga Afandi', '103184', '12345678', 2, '2021-10-11 05:08:33'),
(103185, 'ABDUS SALAM', '103185', '12345678', 2, '2021-10-11 05:08:33'),
(103186, 'AGIL RISAL HERMAWAN', '103186', '12345678', 2, '2021-10-11 05:08:33'),
(103187, 'ALDO SETIAWAN', '103187', '12345678', 2, '2021-10-11 05:08:33'),
(103188, 'AYU SHINTA MAHARANI', '103188', '12345678', 2, '2021-10-11 05:08:33'),
(103189, 'Bagus Putra Ramadhani', '103189', '12345678', 2, '2021-10-11 05:08:33'),
(103190, 'DANI FIRMANSYAH', '103190', '12345678', 2, '2021-10-11 05:08:33'),
(103191, 'DITA ISTYA FARIDILLA', '103191', '12345678', 2, '2021-10-11 05:08:33'),
(103192, 'DWI MAULANA AS ARI', '103192', '12345678', 2, '2021-10-11 05:08:33'),
(103193, 'DWI PUTRI RAHMADANI', '103193', '12345678', 2, '2021-10-11 05:08:33'),
(103194, 'Fendi Ahzanul Habibi', '103194', '12345678', 2, '2021-10-11 05:08:33'),
(103195, 'HANDIKA NURDIANSYAH', '103195', '12345678', 2, '2021-10-11 05:08:33'),
(103196, 'jumaedi sachrilla', '103196', '12345678', 2, '2021-10-11 05:08:33'),
(103197, 'M.ARIFIN', '103197', '12345678', 2, '2021-10-11 05:08:33'),
(103198, 'MAHMUDATUL ELISAH', '103198', '12345678', 2, '2021-10-11 05:08:33'),
(103199, 'MOCHAMMAD FAREL LUCKY H.', '103199', '12345678', 2, '2021-10-11 05:08:33'),
(103200, 'MOH. DWI AFRIZAL WAHYUDI', '103200', '12345678', 2, '2021-10-11 05:08:33'),
(103201, 'Mohammad Fahri Ali', '103201', '12345678', 2, '2021-10-11 05:08:33'),
(103202, 'Mohammad Lutfi', '103202', '12345678', 2, '2021-10-11 05:08:33'),
(103203, 'MUHAMAD RIVQY MAULANA ILHAM', '103203', '12345678', 2, '2021-10-11 05:08:33'),
(103204, 'Muhammad Aqil Rahman', '103204', '12345678', 2, '2021-10-11 05:08:33'),
(103205, 'Muhammad Dzaki Abdus Shabir R.', '103205', '12345678', 2, '2021-10-11 05:08:33'),
(103206, 'Muhammad Oky Budiarto', '103206', '12345678', 2, '2021-10-11 05:08:33'),
(103207, 'MUHAMMAD WISOLUSSOLIHIN', '103207', '12345678', 2, '2021-10-11 05:08:33'),
(103208, 'REVIKA ANANDA PUTRI', '103208', '12345678', 2, '2021-10-11 05:08:33'),
(103209, 'sely febi agustin', '103209', '12345678', 2, '2021-10-11 05:08:33'),
(103210, 'SITI AISA', '103210', '12345678', 2, '2021-10-11 05:08:33'),
(103211, 'SITI HAFIFATUL NIKMAH', '103211', '12345678', 2, '2021-10-11 05:08:33'),
(103212, 'SULTAN MAJID AL FATAH', '103212', '12345678', 2, '2021-10-11 05:08:33'),
(103213, 'Abdillah Husein Ramadhani', '103213', '12345678', 2, '2021-10-11 05:08:33'),
(103214, 'Achmad Gufron', '103214', '12345678', 2, '2021-10-11 05:08:33'),
(103215, 'Adinda Ira Ramadhani', '103215', '12345678', 2, '2021-10-11 05:08:33'),
(103216, 'Aditya Ragiel Oktavian Junior', '103216', '12345678', 2, '2021-10-11 05:08:33'),
(103217, 'Aditya Septiyan', '103217', '12345678', 2, '2021-10-11 05:08:33'),
(103218, 'ADITYA SOFAN EFENDI', '103218', '12345678', 2, '2021-10-11 05:08:33'),
(103219, 'Ahmad Dani Saputra', '103219', '12345678', 2, '2021-10-11 05:08:33'),
(103220, 'AHMAD HAMBALI', '103220', '12345678', 2, '2021-10-11 05:08:33'),
(103221, 'AHMAD IRGI RAMA DANI', '103221', '12345678', 2, '2021-10-11 05:08:33'),
(103222, 'Ahmad mutawaqil', '103222', '12345678', 2, '2021-10-11 05:08:33'),
(103223, 'Ahmad Rifki', '103223', '12345678', 2, '2021-10-11 05:08:33'),
(103224, 'Ahmad Sofyan', '103224', '12345678', 2, '2021-10-11 05:08:33'),
(103225, 'AHMAD TAUFIKI', '103225', '12345678', 2, '2021-10-11 05:08:33'),
(103226, 'ALDO FANDI HERMANZA', '103226', '12345678', 2, '2021-10-11 05:08:33'),
(103227, 'alfin ramadani', '103227', '12345678', 2, '2021-10-11 05:08:33'),
(103228, 'Andika Andreawan', '103228', '12345678', 2, '2021-10-11 05:08:33'),
(103229, 'ANISA TRI WULANDARI', '103229', '12345678', 2, '2021-10-11 05:08:33'),
(103230, 'ANWAR SAPUTRA AAN', '103230', '12345678', 2, '2021-10-11 05:08:33'),
(103231, 'Asriani', '103231', '12345678', 2, '2021-10-11 05:08:33'),
(103232, 'Bagus Febrian Purnama', '103232', '12345678', 2, '2021-10-11 05:08:33'),
(103233, 'BAGUS TRY SETIAWAN', '103233', '12345678', 2, '2021-10-11 05:08:33'),
(103234, 'BELA DEWI ALISA', '103234', '12345678', 2, '2021-10-11 05:08:33'),
(103235, 'Chilky Amelia Safira Putri', '103235', '12345678', 2, '2021-10-11 05:08:33'),
(103236, 'Cici Agustarika', '103236', '12345678', 2, '2021-10-11 05:08:33'),
(103237, 'Deby Kumala Sari', '103237', '12345678', 2, '2021-10-11 05:08:33'),
(103238, 'DEDEN JIDAN HENDRAWAN', '103238', '12345678', 2, '2021-10-11 05:08:33'),
(103239, 'DELA AGUSTIA', '103239', '12345678', 2, '2021-10-11 05:08:33'),
(103240, 'Dessi Nurfitasari', '103240', '12345678', 2, '2021-10-11 05:08:33'),
(103241, 'DIKA CANDRA SAPUTRA', '103241', '12345678', 2, '2021-10-11 05:08:33'),
(103242, 'Farid Saiful Jamil', '103242', '12345678', 2, '2021-10-11 05:08:33'),
(103243, 'Febri Helprayoga', '103243', '12345678', 2, '2021-10-11 05:08:33'),
(103244, 'MUHAMMAD DENDY ILHAM WAHYUDI', '103244', '12345678', 2, '2021-10-11 05:08:33'),
(103245, 'Muhammad Rifki Mahendra', '103245', '12345678', 2, '2021-10-11 05:08:33'),
(103246, 'MUHAMMAD WAHID FARHAM BAQI', '103246', '12345678', 2, '2021-10-11 05:08:33'),
(103247, 'Riko Fermansah', '103247', '12345678', 2, '2021-10-11 05:08:33'),
(103248, 'Dina Meilia', '103248', '12345678', 2, '2021-10-11 05:08:33'),
(103249, 'DINDA AYU DAMAYANTI', '103249', '12345678', 2, '2021-10-11 05:08:33'),
(103250, 'ELISA DWI ANANTA KIL', '103250', '12345678', 2, '2021-10-11 05:08:33'),
(103251, 'Elmi Muvida', '103251', '12345678', 2, '2021-10-11 05:08:33'),
(103252, 'Faiqotul Jannah', '103252', '12345678', 2, '2021-10-11 05:08:33'),
(103253, 'Ghufron Ali Firmansyah', '103253', '12345678', 2, '2021-10-11 05:08:33'),
(103254, 'Gita Ratna Sari', '103254', '12345678', 2, '2021-10-11 05:08:33'),
(103255, 'HAFILUL KHOIR', '103255', '12345678', 2, '2021-10-11 05:08:33'),
(103256, 'Handika Nurdiansyah', '103256', '12345678', 2, '2021-10-11 05:08:33'),
(103257, 'HENDRA ADI PRAYOGA', '103257', '12345678', 2, '2021-10-11 05:08:33'),
(103258, 'Iklil Farhan Mukhalladun', '103258', '12345678', 2, '2021-10-11 05:08:33'),
(103259, 'Irwanto', '103259', '12345678', 2, '2021-10-11 05:08:33'),
(103260, 'JUNAIDI ABDILLA', '103260', '12345678', 2, '2021-10-11 05:08:33'),
(103261, 'LEONIEL MEYZIE', '103261', '12345678', 2, '2021-10-11 05:08:33'),
(103262, 'M. FARIS ILHAM SAPUTRA', '103262', '12345678', 2, '2021-10-11 05:08:33'),
(103263, 'MAESYA FIRNANDO', '103263', '12345678', 2, '2021-10-11 05:08:33'),
(103264, 'Miftahul jannah', '103264', '12345678', 2, '2021-10-11 05:08:33'),
(103265, 'Mochammad Ariel Arifin', '103265', '12345678', 2, '2021-10-11 05:08:33'),
(103266, 'mochammad bahasrullah', '103266', '12345678', 2, '2021-10-11 05:08:33'),
(103267, 'mochammad noval eka saputra', '103267', '12345678', 2, '2021-10-11 05:08:33'),
(103268, 'MOCHAMMAD NURUL', '103268', '12345678', 2, '2021-10-11 05:08:33'),
(103269, 'MOH. TAUFIK', '103269', '12345678', 2, '2021-10-11 05:08:33'),
(103270, 'Mohammad Abil Septiawan', '103270', '12345678', 2, '2021-10-11 05:08:33'),
(103271, 'Mohammad Al Farisi', '103271', '12345678', 2, '2021-10-11 05:08:33'),
(103272, 'MOhammad Al Farizi', '103272', '12345678', 2, '2021-10-11 05:08:33'),
(103273, 'Mohammad Bahrul Kamil', '103273', '12345678', 2, '2021-10-11 05:08:33'),
(103274, 'mohammad daneal baliya', '103274', '12345678', 2, '2021-10-11 05:08:33'),
(103275, 'Mohammad Davis Syurur', '103275', '12345678', 2, '2021-10-11 05:08:33'),
(103276, 'Mohammad Doni Raditya', '103276', '12345678', 2, '2021-10-11 05:08:33'),
(103277, 'MOHAMMAD ROKY', '103277', '12345678', 2, '2021-10-11 05:08:33'),
(103278, 'Mohammad Sofan', '103278', '12345678', 2, '2021-10-11 05:08:33'),
(103279, 'MUHAMMAD AFIFUL GHAFILIN', '103279', '12345678', 2, '2021-10-11 05:08:33'),
(103280, 'Navila Fitriatun Ramadani', '103280', '12345678', 2, '2021-10-11 05:08:33'),
(103281, 'Nita Purnamasari', '103281', '12345678', 2, '2021-10-11 05:08:33'),
(103282, 'Nur Fadilah', '103282', '12345678', 2, '2021-10-11 05:08:33'),
(103283, 'Adi Saputra', '103283', '12345678', 2, '2021-10-11 05:08:33'),
(103284, 'Aditiya', '103284', '12345678', 2, '2021-10-11 05:08:33'),
(103285, 'Agil Muhtar', '103285', '12345678', 2, '2021-10-11 05:08:33'),
(103286, 'Desi Ratnasari', '103286', '12345678', 2, '2021-10-11 05:08:33'),
(103287, 'Mohammad Hafid', '103287', '12345678', 2, '2021-10-11 05:08:33'),
(103288, 'MUHAMMAD FIRMAN', '103288', '12345678', 2, '2021-10-11 05:08:33'),
(103289, 'Muhammad Jamal Luddin', '103289', '12345678', 2, '2021-10-11 05:08:33'),
(103290, 'Muhammad Ridho Noval Prayoga', '103290', '12345678', 2, '2021-10-11 05:08:33'),
(103291, 'Muhammad Rizky Ramadhani', '103291', '12345678', 2, '2021-10-11 05:08:33'),
(103292, 'Muhammad Syahril Rofiqi', '103292', '12345678', 2, '2021-10-11 05:08:33'),
(103293, 'Nofal Prayitno', '103293', '12345678', 2, '2021-10-11 05:08:33'),
(103294, 'Nurdinasari', '103294', '12345678', 2, '2021-10-11 05:08:33'),
(103295, 'NURIL IKSAN', '103295', '12345678', 2, '2021-10-11 05:08:33'),
(103296, 'RAMADHONI SOBRIANTO', '103296', '12345678', 2, '2021-10-11 05:08:33'),
(103297, 'Retno Ayu Ambar Sari', '103297', '12345678', 2, '2021-10-11 05:08:33'),
(103298, 'RICHI DWI MARTIN', '103298', '12345678', 2, '2021-10-11 05:08:33'),
(103299, 'RIO FEBRIYANTO', '103299', '12345678', 2, '2021-10-11 05:08:33'),
(103300, 'RISKIANA', '103300', '12345678', 2, '2021-10-11 05:08:33'),
(103301, 'Rivan Farinata', '103301', '12345678', 2, '2021-10-11 05:08:33'),
(103302, 'RIZAL BAKRI ROMADHON', '103302', '12345678', 2, '2021-10-11 05:08:33'),
(103303, 'ROBI IMAM SAPUTRA', '103303', '12345678', 2, '2021-10-11 05:08:33'),
(103304, 'Robin Kardiansyah', '103304', '12345678', 2, '2021-10-11 05:08:33'),
(103305, 'Rosalinda', '103305', '12345678', 2, '2021-10-11 05:08:33'),
(103306, 'Saini', '103306', '12345678', 2, '2021-10-11 05:08:33'),
(103307, 'SITI AMALIA', '103307', '12345678', 2, '2021-10-11 05:08:33'),
(103308, 'Sobri Abdul halim', '103308', '12345678', 2, '2021-10-11 05:08:33'),
(103309, 'SRIFA WULAN MAULIA', '103309', '12345678', 2, '2021-10-11 05:08:33'),
(103310, 'Sukron Umami', '103310', '12345678', 2, '2021-10-11 05:08:33'),
(103311, 'Supriyadi', '103311', '12345678', 2, '2021-10-11 05:08:33'),
(103312, 'Tola\'is Nurul Fadilah', '103312', '12345678', 2, '2021-10-11 05:08:33'),
(103313, 'TRIAWATI', '103313', '12345678', 2, '2021-10-11 05:08:33'),
(103314, 'Umar Faruk', '103314', '12345678', 2, '2021-10-11 05:08:33'),
(103315, 'YOLANDA ROSALINA FEBRIANA', '103315', '12345678', 2, '2021-10-11 05:08:33'),
(103316, 'Yuli', '103316', '12345678', 2, '2021-10-11 05:08:33'),
(103317, 'ZAIHUL IMAM', '103317', '12345678', 2, '2021-10-11 05:08:33'),
(116111, 'Anisatun Kamizah', '116111', '12345678', 2, '2021-10-11 05:08:33'),
(116112, 'Ari Tolak Susanto', '116112', '12345678', 2, '2021-10-11 05:08:33'),
(116113, 'Dini Febrianti', '116113', '12345678', 2, '2021-10-11 05:08:33'),
(116114, 'Duwi Kumalaekasari', '116114', '12345678', 2, '2021-10-11 05:08:33'),
(116115, 'IIS FEBRIYANTI', '116115', '12345678', 2, '2021-10-11 05:08:33'),
(116116, 'MEILIYA AYU ELSA PRAWIRO', '116116', '12345678', 2, '2021-10-11 05:08:33'),
(116117, 'Mohammad Junaidi', '116117', '12345678', 2, '2021-10-11 05:08:33'),
(116118, 'Muhammad Firmanda', '116118', '12345678', 2, '2021-10-11 05:08:33'),
(116119, 'Muhammad Rofiqi Kurniawan', '116119', '12345678', 2, '2021-10-11 05:08:33'),
(116120, 'Roby Tengku Firmansyah', '116120', '12345678', 2, '2021-10-11 05:08:33'),
(116121, 'Alfiyah Sakinah', '116121', '12345678', 2, '2021-10-11 05:08:33'),
(116122, 'Amiliyarifka Andini', '116122', '12345678', 2, '2021-10-11 05:08:33'),
(116123, 'ANDIKA DWI AGUSTA', '116123', '12345678', 2, '2021-10-11 05:08:33'),
(116124, 'Andriani Susmindari', '116124', '12345678', 2, '2021-10-11 05:08:33'),
(116125, 'Anggi Tri Buana Tungga Dewi', '116125', '12345678', 2, '2021-10-11 05:08:33'),
(116126, 'Aqimul Ihsan', '116126', '12345678', 2, '2021-10-11 05:08:33'),
(116127, 'Dean Aditya', '116127', '12345678', 2, '2021-10-11 05:08:33'),
(116128, 'Dita Hermawan', '116128', '12345678', 2, '2021-10-11 05:08:33'),
(116129, 'Elasta Dwi Antika', '116129', '12345678', 2, '2021-10-11 05:08:33'),
(116130, 'Erfina Aulia Putri', '116130', '12345678', 2, '2021-10-11 05:08:33'),
(116131, 'FAJAR PUTRA SETIAWAN', '116131', '12345678', 2, '2021-10-11 05:08:33'),
(116132, 'Firman Rohidayatullah', '116132', '12345678', 2, '2021-10-11 05:08:33'),
(116133, 'Gita Diah Ayu', '116133', '12345678', 2, '2021-10-11 05:08:33'),
(116134, 'Hana Qonita', '116134', '12345678', 2, '2021-10-11 05:08:33'),
(116135, 'HOLILAH', '116135', '12345678', 2, '2021-10-11 05:08:33'),
(116136, 'Hopi Paiturrahmah', '116136', '12345678', 2, '2021-10-11 05:08:33'),
(116137, 'Ita Nurlaili', '116137', '12345678', 2, '2021-10-11 05:08:33'),
(116138, 'Mochammad Zhaenuri', '116138', '12345678', 2, '2021-10-11 05:08:33'),
(116139, 'Moh.riki', '116139', '12345678', 2, '2021-10-11 05:08:33'),
(116140, 'MOHAMMAD DIDIT HERMANZA', '116140', '12345678', 2, '2021-10-11 05:08:33'),
(116141, 'Mohammad Edwin Eka Putra', '116141', '12345678', 2, '2021-10-11 05:08:33'),
(116142, 'MUHAMMAD FAJRI', '116142', '12345678', 2, '2021-10-11 05:08:33'),
(116143, 'nur azizah', '116143', '12345678', 2, '2021-10-11 05:08:33'),
(116144, 'Rahmat Syahid Kalijogo', '116144', '12345678', 2, '2021-10-11 05:08:33'),
(116145, 'Rony Yusi Saputra', '116145', '12345678', 2, '2021-10-11 05:08:33'),
(116146, 'ROY GUNAWAN', '116146', '12345678', 2, '2021-10-11 05:08:33'),
(116147, 'SEPTIYA DWI PUSPIKO', '116147', '12345678', 2, '2021-10-11 05:08:33'),
(116148, 'SITI HOTIMAH', '116148', '12345678', 2, '2021-10-11 05:08:33'),
(116149, 'SONI PRANATA', '116149', '12345678', 2, '2021-10-11 05:08:33'),
(116150, 'ZENDI GUNAWAN PRAYOGA', '116150', '12345678', 2, '2021-10-11 05:08:33'),
(116151, 'Aditya Prasetyo', '116151', '12345678', 2, '2021-10-11 05:08:33'),
(116152, 'ARJUNA', '116152', '12345678', 2, '2021-10-11 05:08:33'),
(116153, 'Fara Dilla', '116153', '12345678', 2, '2021-10-11 05:08:33'),
(116154, 'FELA PUTRI OKTASARI', '116154', '12345678', 2, '2021-10-11 05:08:33'),
(116155, 'FERY FATHUL ROHMAN', '116155', '12345678', 2, '2021-10-11 05:08:33'),
(116156, 'fitria novita sari', '116156', '12345678', 2, '2021-10-11 05:08:33'),
(116157, 'Fouria Damayanti', '116157', '12345678', 2, '2021-10-11 05:08:33'),
(116158, 'Hasanah', '116158', '12345678', 2, '2021-10-11 05:08:33'),
(116159, 'Hosil ', '116159', '12345678', 2, '2021-10-11 05:08:33'),
(116160, 'Lucky Yanuar Pratama', '116160', '12345678', 2, '2021-10-11 05:08:33'),
(116161, 'Maretha Sugiarti', '116161', '12345678', 2, '2021-10-11 05:08:33'),
(116162, 'Milanti', '116162', '12345678', 2, '2021-10-11 05:08:33'),
(116163, 'Moch Nuril Mukarrom', '116163', '12345678', 2, '2021-10-11 05:08:33'),
(116164, 'Mochammad Samsul Arifin ', '116164', '12345678', 2, '2021-10-11 05:08:33'),
(116165, 'Mohammad Abdurrahman', '116165', '12345678', 2, '2021-10-11 05:08:33'),
(116166, 'muhammad junaedi', '116166', '12345678', 2, '2021-10-11 05:08:33'),
(116167, 'Muhammad Yayan', '116167', '12345678', 2, '2021-10-11 05:08:33'),
(116168, 'Nadiya Zahrotul Aulia', '116168', '12345678', 2, '2021-10-11 05:08:33'),
(116169, 'NANDO PUTRA LIBRATA DEWA PRASETYO', '116169', '12345678', 2, '2021-10-11 05:08:33'),
(116170, 'Rifa Dwi Fadziah', '116170', '12345678', 2, '2021-10-11 05:08:33'),
(116171, 'Rindy Oktanea', '116171', '12345678', 2, '2021-10-11 05:08:33'),
(116172, 'Rio Ardiansyah', '116172', '12345678', 2, '2021-10-11 05:08:33'),
(116173, 'RIVALDI', '116173', '12345678', 2, '2021-10-11 05:08:33'),
(116174, 'Rofiatur Robiah', '116174', '12345678', 2, '2021-10-11 05:08:33'),
(116175, 'Saenal Arifin', '116175', '12345678', 2, '2021-10-11 05:08:33'),
(116176, 'Saifiatur Rahmah', '116176', '12345678', 2, '2021-10-11 05:08:33'),
(116177, 'Siti Vilatul Jannah', '116177', '12345678', 2, '2021-10-11 05:08:33'),
(116178, 'Sitti Hikmatul Maula', '116178', '12345678', 2, '2021-10-11 05:08:33'),
(116179, 'Suci Maulidia', '116179', '12345678', 2, '2021-10-11 05:08:33'),
(116180, 'Susi Nurcahyawati', '116180', '12345678', 2, '2021-10-11 05:08:33'),
(116181, 'Trio Agustin Bintoro', '116181', '12345678', 2, '2021-10-11 05:08:33'),
(116182, 'Wanda Yuliana Dewi', '116182', '12345678', 2, '2021-10-11 05:08:33'),
(116183, 'ADELIYA LESTARI', '116183', '12345678', 2, '2021-10-11 05:08:33'),
(116184, 'Ahmad Aryanto', '116184', '12345678', 2, '2021-10-11 05:08:33'),
(116185, 'Ahmad Faqih Agus Setiyawan', '116185', '12345678', 2, '2021-10-11 05:08:33'),
(116186, 'Alfin Nuriyah', '116186', '12345678', 2, '2021-10-11 05:08:33'),
(116187, 'BAGUS INDRA SAPUTRA', '116187', '12345678', 2, '2021-10-11 05:08:33'),
(116188, 'BAMBANG AGUS SUSILO', '116188', '12345678', 2, '2021-10-11 05:08:33'),
(116189, 'David Hilman Ali', '116189', '12345678', 2, '2021-10-11 05:08:33'),
(116190, 'Dede Mochammad Riski', '116190', '12345678', 2, '2021-10-11 05:08:33'),
(116191, 'DEWI SHINTA', '116191', '12345678', 2, '2021-10-11 05:08:33'),
(116192, 'DWI KARTIKA SARI', '116192', '12345678', 2, '2021-10-11 05:08:33'),
(116193, 'Fanilia Oktavia Ramadhani', '116193', '12345678', 2, '2021-10-11 05:08:33'),
(116194, 'FIRNA NURAINI', '116194', '12345678', 2, '2021-10-11 05:08:33'),
(116195, 'INDRA DWI KURNIAWAN', '116195', '12345678', 2, '2021-10-11 05:08:33'),
(116196, 'JASILAH', '116196', '12345678', 2, '2021-10-11 05:08:33'),
(116197, 'Lina Dwi Lestari', '116197', '12345678', 2, '2021-10-11 05:08:33'),
(116198, 'M.farel Nur Riskillah', '116198', '12345678', 2, '2021-10-11 05:08:33'),
(116199, 'Mochammad Alfian Dian Saputra', '116199', '12345678', 2, '2021-10-11 05:08:33'),
(116200, 'Mochammad Ali Zain', '116200', '12345678', 2, '2021-10-11 05:08:33'),
(116201, 'MOCHAMMAD FAHRUSI FIRDAUS', '116201', '12345678', 2, '2021-10-11 05:08:33'),
(116202, 'MOHAMMAD AHSAN KHULUKI', '116202', '12345678', 2, '2021-10-11 05:08:33'),
(116203, 'Mohammad Imron', '116203', '12345678', 2, '2021-10-11 05:08:33'),
(116204, 'Mohammad Rizal Taufiqurrahma.n', '116204', '12345678', 2, '2021-10-11 05:08:33'),
(116205, 'Muhajir Athary', '116205', '12345678', 2, '2021-10-11 05:08:33'),
(116206, 'Muhammad Fauzi', '116206', '12345678', 2, '2021-10-11 05:08:33'),
(116207, 'putri tera nurjannah', '116207', '12345678', 2, '2021-10-11 05:08:33'),
(116208, 'Riky Fajar Adi Putra', '116208', '12345678', 2, '2021-10-11 05:08:33'),
(116209, 'Rina Desi Setiawati', '116209', '12345678', 2, '2021-10-11 05:08:33'),
(116210, 'Rindi Fatona', '116210', '12345678', 2, '2021-10-11 05:08:33'),
(116211, 'Rini Agustin', '116211', '12345678', 2, '2021-10-11 05:08:33'),
(116212, 'Risky Nuryansah', '116212', '12345678', 2, '2021-10-11 05:08:33'),
(116213, 'Sinta Adelia', '116213', '12345678', 2, '2021-10-11 05:08:33'),
(116214, 'Solihen', '116214', '12345678', 2, '2021-10-11 05:08:33'),
(116215, 'SRI AMALIA FRIATUL HASANAH', '116215', '12345678', 2, '2021-10-11 05:08:33'),
(116216, 'TATIRANA NOVA AYU ZAKARIA', '116216', '12345678', 2, '2021-10-11 05:08:33'),
(116217, 'Wike Hardiyanti', '116217', '12345678', 2, '2021-10-11 05:08:33'),
(116218, 'Zelaturrahmah', '116218', '12345678', 2, '2021-10-11 05:08:33'),
(116219, 'Abel Ferdiansyah', '116219', '12345678', 2, '2021-10-11 05:08:33'),
(116220, 'AHMAD BASRONI RIZAL', '116220', '12345678', 2, '2021-10-11 05:08:33'),
(116221, 'AHMAD EFENDI', '116221', '12345678', 2, '2021-10-11 05:08:33'),
(116222, 'Alif Bagaskara', '116222', '12345678', 2, '2021-10-11 05:08:33'),
(116223, 'AYU SELA FEBIYANTI', '116223', '12345678', 2, '2021-10-11 05:08:33'),
(116224, 'BUSTANUL ARIFIN', '116224', '12345678', 2, '2021-10-11 05:08:33'),
(116225, 'Dicky Wahyudi', '116225', '12345678', 2, '2021-10-11 05:08:33'),
(116226, 'Dio Alif Utama', '116226', '12345678', 2, '2021-10-11 05:08:33'),
(116227, 'Dwi Putri Nurrahmah', '116227', '12345678', 2, '2021-10-11 05:08:33'),
(116228, 'Enjhin Goesti Setiawan', '116228', '12345678', 2, '2021-10-11 05:08:33'),
(116229, 'FADILIA', '116229', '12345678', 2, '2021-10-11 05:08:33'),
(116230, 'FAJAR GALIH RAGA', '116230', '12345678', 2, '2021-10-11 05:08:33'),
(116231, 'Figo Tegar Pradana', '116231', '12345678', 2, '2021-10-11 05:08:33'),
(116232, 'Fila Hatul Hasanah', '116232', '12345678', 2, '2021-10-11 05:08:33'),
(116233, 'HENDRA HADI SAPUTRA', '116233', '12345678', 2, '2021-10-11 05:08:33'),
(116234, 'Ibnu Agil', '116234', '12345678', 2, '2021-10-11 05:08:33'),
(116235, 'Lusi Agustin', '116235', '12345678', 2, '2021-10-11 05:08:33'),
(116236, 'MOCHAMMAD SATRIO PRAYOGO', '116236', '12345678', 2, '2021-10-11 05:08:33'),
(116237, 'Mohammad Fauzi', '116237', '12345678', 2, '2021-10-11 05:08:33'),
(116238, 'Muhammad Nadif', '116238', '12345678', 2, '2021-10-11 05:08:33'),
(116239, 'MUHAMMAD RIZAL UMAM', '116239', '12345678', 2, '2021-10-11 05:08:33'),
(116240, 'Muhammad Sobri Ramadani', '116240', '12345678', 2, '2021-10-11 05:08:33'),
(116241, 'Musdalifah Adahana', '116241', '12345678', 2, '2021-10-11 05:08:33'),
(116242, 'Prasetyo Dwi Auton', '116242', '12345678', 2, '2021-10-11 05:08:33'),
(116243, 'Rama Anggara Putra', '116243', '12345678', 2, '2021-10-11 05:08:33'),
(116244, 'Rico Siswanto', '116244', '12345678', 2, '2021-10-11 05:08:33'),
(116245, 'Sam Haki', '116245', '12345678', 2, '2021-10-11 05:08:33'),
(116246, 'Saoki', '116246', '12345678', 2, '2021-10-11 05:08:33'),
(116247, 'Sisiliya Karisma', '116247', '12345678', 2, '2021-10-11 05:08:33'),
(116248, 'Sofi Jamil Amrullah', '116248', '12345678', 2, '2021-10-11 05:08:33'),
(116249, 'Suprapto', '116249', '12345678', 2, '2021-10-11 05:08:33'),
(116250, 'Sutini', '116250', '12345678', 2, '2021-10-11 05:08:33'),
(116251, 'Wahet Husen', '116251', '12345678', 2, '2021-10-11 05:08:33'),
(116252, 'Waldy Afwana Gusty', '116252', '12345678', 2, '2021-10-11 05:08:33'),
(116253, 'Wiwin', '116253', '12345678', 2, '2021-10-11 05:08:33'),
(116254, 'Abidatin Nazila', '116254', '12345678', 2, '2021-10-11 05:08:33'),
(116255, 'ADIDTIYA NURFAKIH', '116255', '12345678', 2, '2021-10-11 05:08:33'),
(116256, 'ADITIYA MAULANA', '116256', '12345678', 2, '2021-10-11 05:08:33'),
(116257, 'ADITYA YOGA PRADANA', '116257', '12345678', 2, '2021-10-11 05:08:33'),
(116258, 'Agil Dzikrulloh', '116258', '12345678', 2, '2021-10-11 05:08:33'),
(116259, 'AHMAD MUBAROK', '116259', '12345678', 2, '2021-10-11 05:08:33'),
(116260, 'Alfin', '116260', '12345678', 2, '2021-10-11 05:08:33'),
(116261, 'Ali Makin', '116261', '12345678', 2, '2021-10-11 05:08:33'),
(116262, 'Anisatul Maulidah', '116262', '12345678', 2, '2021-10-11 05:08:33'),
(116263, 'BAYU ARDIANSYAH', '116263', '12345678', 2, '2021-10-11 05:08:33'),
(116264, 'DHIMAS HIDAYATULLAH', '116264', '12345678', 2, '2021-10-11 05:08:33'),
(116265, 'DITO DARMAYANTO', '116265', '12345678', 2, '2021-10-11 05:08:33'),
(116266, 'Faisol', '116266', '12345678', 2, '2021-10-11 05:08:33'),
(116267, 'Firman Hidayat', '116267', '12345678', 2, '2021-10-11 05:08:33'),
(116268, 'HERFAN', '116268', '12345678', 2, '2021-10-11 05:08:33'),
(116269, 'Hilyatun Nafia', '116269', '12345678', 2, '2021-10-11 05:08:33'),
(116270, 'IRWAN EFENDI', '116270', '12345678', 2, '2021-10-11 05:08:33'),
(116271, 'MOCHAMMAD SAIFUL ANWAR', '116271', '12345678', 2, '2021-10-11 05:08:33'),
(116272, 'MOHAMMAD NAUFAL AKBAR RAMADHAN', '116272', '12345678', 2, '2021-10-11 05:08:33'),
(116273, 'MOHAMMAD SANDI RIFANDO', '116273', '12345678', 2, '2021-10-11 05:08:33'),
(116274, 'MUHAMMAD AL JASULI', '116274', '12345678', 2, '2021-10-11 05:08:33'),
(116275, 'Muhammad Alaikal Huda', '116275', '12345678', 2, '2021-10-11 05:08:33'),
(116276, 'Muhammad Nofal Afandi', '116276', '12345678', 2, '2021-10-11 05:08:33'),
(116277, 'Niko Hernanda', '116277', '12345678', 2, '2021-10-11 05:08:33'),
(116278, 'Nur Hasanah', '116278', '12345678', 2, '2021-10-11 05:08:33'),
(116279, 'Rendi Setyo Prabowo', '116279', '12345678', 2, '2021-10-11 05:08:33'),
(116280, 'RHOMZATUL WIDO\'A', '116280', '12345678', 2, '2021-10-11 05:08:33'),
(116281, 'Samsudi', '116281', '12345678', 2, '2021-10-11 05:08:33'),
(116282, 'Serlina', '116282', '12345678', 2, '2021-10-11 05:08:33'),
(116283, 'Siti Jamila', '116283', '12345678', 2, '2021-10-11 05:08:33'),
(116284, 'SOFAN JINAN AL FAJAR', '116284', '12345678', 2, '2021-10-11 05:08:33'),
(116285, 'Sri Wahyuni', '116285', '12345678', 2, '2021-10-11 05:08:33'),
(116286, 'Syaiful Basri', '116286', '12345678', 2, '2021-10-11 05:08:33'),
(116287, 'Yusuf Efendi', '116287', '12345678', 2, '2021-10-11 05:08:33'),
(116288, 'Yusuf Mohammad ilham', '116288', '12345678', 2, '2021-10-11 05:08:33'),
(129111, 'afan gunawan nur', '129111', '12345678', 2, '2021-10-11 05:08:33'),
(129112, 'AISYAH TRISNA WULANDARI', '129112', '12345678', 2, '2021-10-11 05:08:33'),
(129113, 'ANIS YUSROTUN NADHIROH', '129113', '12345678', 2, '2021-10-11 05:08:33'),
(129114, 'DAFID BAHTIAR', '129114', '12345678', 2, '2021-10-11 05:08:33'),
(129115, 'DIANA DWI PERTIWI', '129115', '12345678', 2, '2021-10-11 05:08:33'),
(129116, 'DONI ISWANTO', '129116', '12345678', 2, '2021-10-11 05:08:33'),
(129117, 'FIRGOANTO', '129117', '12345678', 2, '2021-10-11 05:08:33'),
(129118, 'Firman Romadani', '129118', '12345678', 2, '2021-10-11 05:08:33'),
(129119, 'GALIH PUTRA HARYANTO SINGAL', '129119', '12345678', 2, '2021-10-11 05:08:33'),
(129120, 'HAMDI', '129120', '12345678', 2, '2021-10-11 05:08:33'),
(129121, 'MAULANA KURNIAWAN', '129121', '12345678', 2, '2021-10-11 05:08:33'),
(129122, 'MAULIDINA HASANAH', '129122', '12345678', 2, '2021-10-11 05:08:33'),
(129123, 'mepwin handani', '129123', '12345678', 2, '2021-10-11 05:08:33'),
(129124, 'Mochammad Yusril Afaril', '129124', '12345678', 2, '2021-10-11 05:08:33'),
(129125, 'MOHAMMAD FAUZAN AMRULLAH', '129125', '12345678', 2, '2021-10-11 05:08:33'),
(129126, 'Mohammad Febrian Hamdi', '129126', '12345678', 2, '2021-10-11 05:08:33'),
(129127, 'Mohammad Hosni Mubaruk', '129127', '12345678', 2, '2021-10-11 05:08:33'),
(129128, 'MOHAMMAD SHOLEH IBRAHIM', '129128', '12345678', 2, '2021-10-11 05:08:33'),
(129129, 'MOHAMMAD ZAINUL FAJRIH', '129129', '12345678', 2, '2021-10-11 05:08:33'),
(129130, 'MUHAMMAD ILHAM', '129130', '12345678', 2, '2021-10-11 05:08:33'),
(129131, 'Muhammad jakfar amir', '129131', '12345678', 2, '2021-10-11 05:08:33'),
(129132, 'Nasron', '129132', '12345678', 2, '2021-10-11 05:08:33'),
(129133, 'Nili Agustin', '129133', '12345678', 2, '2021-10-11 05:08:33'),
(129134, 'NOVITA ANGGRAINI', '129134', '12345678', 2, '2021-10-11 05:08:33'),
(129135, 'Nurkholis', '129135', '12345678', 2, '2021-10-11 05:08:33'),
(129136, 'Riki Irawan', '129136', '12345678', 2, '2021-10-11 05:08:33'),
(129137, 'RIYAN SEBASTIAN', '129137', '12345678', 2, '2021-10-11 05:08:33'),
(129138, 'Rohil Firdaus', '129138', '12345678', 2, '2021-10-11 05:08:33'),
(129139, 'romlah Imeladiah', '129139', '12345678', 2, '2021-10-11 05:08:33'),
(129140, 'SAIFUL BAHRI', '129140', '12345678', 2, '2021-10-11 05:08:33'),
(129141, 'Sofia Dwi Safitri', '129141', '12345678', 2, '2021-10-11 05:08:33'),
(129142, 'USAMAHENDRA', '129142', '12345678', 2, '2021-10-11 05:08:33'),
(129143, 'ABDUL KAMIL RIDWANALLAH', '129143', '12345678', 2, '2021-10-11 05:08:33'),
(129144, 'ACHMAD ZAINOL HASAN', '129144', '12345678', 2, '2021-10-11 05:08:33'),
(129145, 'ADI GUNAWAN', '129145', '12345678', 2, '2021-10-11 05:08:33'),
(129146, 'Afen Randi Firmansyah', '129146', '12345678', 2, '2021-10-11 05:08:33'),
(129147, 'AFITA FAIZATUL MONAWARAH', '129147', '12345678', 2, '2021-10-11 05:08:33'),
(129148, 'AHMAD JAELANI', '129148', '12345678', 2, '2021-10-11 05:08:33'),
(129149, 'Alifah Ramdiani', '129149', '12345678', 2, '2021-10-11 05:08:33'),
(129150, 'Anang Sandi Prasetyo', '129150', '12345678', 2, '2021-10-11 05:08:33'),
(129151, 'Anggi Dwi Putri', '129151', '12345678', 2, '2021-10-11 05:08:33'),
(129152, 'ARUL SAIFUL FAQIH', '129152', '12345678', 2, '2021-10-11 05:08:33'),
(129153, 'DWI DARMA', '129153', '12345678', 2, '2021-10-11 05:08:33'),
(129154, 'Hafid Wahyudi', '129154', '12345678', 2, '2021-10-11 05:08:33'),
(129155, 'IFAN SAUQI', '129155', '12345678', 2, '2021-10-11 05:08:33'),
(129156, 'KAVIL EFENDI', '129156', '12345678', 2, '2021-10-11 05:08:33'),
(129157, 'LIZANA MAYSAROH', '129157', '12345678', 2, '2021-10-11 05:08:33'),
(129158, 'MOCHAMMAD RIZKY FAHRORULLAH', '129158', '12345678', 2, '2021-10-11 05:08:33'),
(129159, 'MOHAMMAD ABU RIZAL ALGIFARI', '129159', '12345678', 2, '2021-10-11 05:08:33'),
(129160, 'Muhammad Alfan Arifin', '129160', '12345678', 2, '2021-10-11 05:08:33'),
(129161, 'Muhammad Farikh Fauzi', '129161', '12345678', 2, '2021-10-11 05:08:33'),
(129162, 'MUYASSIR', '129162', '12345678', 2, '2021-10-11 05:08:33'),
(129163, 'NESTIRA AMELIA PUTRI', '129163', '12345678', 2, '2021-10-11 05:08:33'),
(129164, 'NURIL WARDATUL HASANAH', '129164', '12345678', 2, '2021-10-11 05:08:33'),
(129165, 'Obaidillah', '129165', '12345678', 2, '2021-10-11 05:08:33'),
(129166, 'PUJA SUKRIA ILLALLAH', '129166', '12345678', 2, '2021-10-11 05:08:33'),
(129167, 'Risna Wati', '129167', '12345678', 2, '2021-10-11 05:08:33'),
(129168, 'Rizal Mahendra', '129168', '12345678', 2, '2021-10-11 05:08:33'),
(129169, 'Robbil Izza Assyuro', '129169', '12345678', 2, '2021-10-11 05:08:33'),
(129170, 'SITI FATIMA JULIANTIKA', '129170', '12345678', 2, '2021-10-11 05:08:33'),
(129171, 'Sofiatul Uliyah', '129171', '12345678', 2, '2021-10-11 05:08:33'),
(129172, 'Sofyan Azzauri', '129172', '12345678', 2, '2021-10-11 05:08:33'),
(129173, 'VIANA EKA APRILIYA', '129173', '12345678', 2, '2021-10-11 05:08:33'),
(129174, 'Yulita', '129174', '12345678', 2, '2021-10-11 05:08:33'),
(129175, 'Abdurrohman', '129175', '12345678', 2, '2021-10-11 05:08:33'),
(129176, 'AFDAL FAUZAN AFANDI', '129176', '12345678', 2, '2021-10-11 05:08:33'),
(129177, 'AFINAS', '129177', '12345678', 2, '2021-10-11 05:08:33'),
(129178, 'Ahmad Yunus', '129178', '12345678', 2, '2021-10-11 05:08:33'),
(129179, 'ALFIATIN', '129179', '12345678', 2, '2021-10-11 05:08:33'),
(129180, 'ANGGUN OCTAVIA', '129180', '12345678', 2, '2021-10-11 05:08:33'),
(129181, 'Ani Fatul Hasanah', '129181', '12345678', 2, '2021-10-11 05:08:33'),
(129182, 'BAGAS SEPTIAN PURWANTO', '129182', '12345678', 2, '2021-10-11 05:08:33'),
(129183, 'DENI AGUS WAHYUDI', '129183', '12345678', 2, '2021-10-11 05:08:33'),
(129184, 'DIMAS ARDIANSYAH', '129184', '12345678', 2, '2021-10-11 05:08:33'),
(129185, 'Dimas Septiadi', '129185', '12345678', 2, '2021-10-11 05:08:33'),
(129186, 'DINA RISKI', '129186', '12345678', 2, '2021-10-11 05:08:33'),
(129187, 'FEBRI RONIANDRIK', '129187', '12345678', 2, '2021-10-11 05:08:33'),
(129188, 'Gilang Dwi Afriadi', '129188', '12345678', 2, '2021-10-11 05:08:33'),
(129189, 'GUSTI SABIL AMALI', '129189', '12345678', 2, '2021-10-11 05:08:33'),
(129190, 'Holifah', '129190', '12345678', 2, '2021-10-11 05:08:33'),
(129191, 'IHSANUL AMAL', '129191', '12345678', 2, '2021-10-11 05:08:33'),
(129192, 'Indah Rahmawati', '129192', '12345678', 2, '2021-10-11 05:08:33'),
(129193, 'KRISTIAN', '129193', '12345678', 2, '2021-10-11 05:08:33'),
(129194, 'Maulida Cyntia Bella', '129194', '12345678', 2, '2021-10-11 05:08:33'),
(129195, 'MOH. NUR HAMDANU', '129195', '12345678', 2, '2021-10-11 05:08:33'),
(129196, 'MOHAMMAD FERI SIFUL ROHMAN', '129196', '12345678', 2, '2021-10-11 05:08:33'),
(129197, 'MOHAMMAD NURRIZAL', '129197', '12345678', 2, '2021-10-11 05:08:33'),
(129198, 'MUHAMMAD RIFQI ARIF', '129198', '12345678', 2, '2021-10-11 05:08:33'),
(129199, 'NABILA QUROTUL A\'YUN', '129199', '12345678', 2, '2021-10-11 05:08:33'),
(129200, 'Ninis Agustin', '129200', '12345678', 2, '2021-10-11 05:08:33'),
(129201, 'NURIL FADILA', '129201', '12345678', 2, '2021-10-11 05:08:33'),
(129202, 'PUTRI NUR FADILLA', '129202', '12345678', 2, '2021-10-11 05:08:33'),
(129203, 'QUFRON ALI IMRON', '129203', '12345678', 2, '2021-10-11 05:08:33'),
(129204, 'Shela Julia Saputri', '129204', '12345678', 2, '2021-10-11 05:08:33'),
(129205, 'SITI MASLUHATUL HULUQIYAH', '129205', '12345678', 2, '2021-10-11 05:08:33'),
(129206, 'Siti Nur Alifah', '129206', '12345678', 2, '2021-10-11 05:08:33'),
(129207, 'Sitti Ainun Nafila', '129207', '12345678', 2, '2021-10-11 05:08:33'),
(129208, 'Sufyan Hadi', '129208', '12345678', 2, '2021-10-11 05:08:33'),
(129209, 'SUMARYANA', '129209', '12345678', 2, '2021-10-11 05:08:33'),
(129210, 'Virgiawan Gilang Pratama', '129210', '12345678', 2, '2021-10-11 05:08:33'),
(129211, 'ACHMAD MUZAKKI', '129211', '12345678', 2, '2021-10-11 05:08:33'),
(129212, 'AHMAD FAQIH', '129212', '12345678', 2, '2021-10-11 05:08:33'),
(129213, 'AMELIA ZALIANTY', '129213', '12345678', 2, '2021-10-11 05:08:33'),
(129214, 'Anita Larasati', '129214', '12345678', 2, '2021-10-11 05:08:33'),
(129215, 'AYUNI ANTIKA WULANDARI', '129215', '12345678', 2, '2021-10-11 05:08:33'),
(129216, 'BADRI SYAMSI AS\'ARI', '129216', '12345678', 2, '2021-10-11 05:08:33'),
(129217, 'DAVID MAULANA', '129217', '12345678', 2, '2021-10-11 05:08:33'),
(129218, 'Dwi Setiawan', '129218', '12345678', 2, '2021-10-11 05:08:33'),
(129219, 'Edwin Firmansyah', '129219', '12345678', 2, '2021-10-11 05:08:33'),
(129220, 'FARIDA', '129220', '12345678', 2, '2021-10-11 05:08:33'),
(129221, 'Febrilya Rinjani', '129221', '12345678', 2, '2021-10-11 05:08:33'),
(129222, 'FELAN OKTAVICO ROMADHONI', '129222', '12345678', 2, '2021-10-11 05:08:33'),
(129223, 'Fico Fransisko', '129223', '12345678', 2, '2021-10-11 05:08:33'),
(129224, 'Fitria', '129224', '12345678', 2, '2021-10-11 05:08:33'),
(129225, 'HERIYANTO', '129225', '12345678', 2, '2021-10-11 05:08:33'),
(129226, 'INTAN TRIWULANDARI', '129226', '12345678', 2, '2021-10-11 05:08:33'),
(129227, 'M. FADIL FADLURROHMAN', '129227', '12345678', 2, '2021-10-11 05:08:33'),
(129228, 'MA\'RIFATUL HASANAH', '129228', '12345678', 2, '2021-10-11 05:08:33'),
(129229, 'Maratus Soleha', '129229', '12345678', 2, '2021-10-11 05:08:33'),
(129230, 'MISTAHUS SURUR', '129230', '12345678', 2, '2021-10-11 05:08:33'),
(129231, 'muhammad bahrur rozi', '129231', '12345678', 2, '2021-10-11 05:08:33'),
(129232, 'MUHAMMAD IMAM FADHUL IHSAN', '129232', '12345678', 2, '2021-10-11 05:08:33'),
(129233, 'MUHAMMAD MAULUDI', '129233', '12345678', 2, '2021-10-11 05:08:33'),
(129234, 'MUSRIFAH', '129234', '12345678', 2, '2021-10-11 05:08:33'),
(129235, 'NATRIZA AURELIA PUTRI', '129235', '12345678', 2, '2021-10-11 05:08:33'),
(129236, 'PUTRI OKTARI', '129236', '12345678', 2, '2021-10-11 05:08:33'),
(129237, 'RAGUNG SATRIA WIRAYUDHA', '129237', '12345678', 2, '2021-10-11 05:08:33'),
(129238, 'Riki Rikardo', '129238', '12345678', 2, '2021-10-11 05:08:33'),
(129239, 'RIO FIRMANSYAH', '129239', '12345678', 2, '2021-10-11 05:08:33'),
(129240, 'Risqi Abdul Azis', '129240', '12345678', 2, '2021-10-11 05:08:33'),
(129241, 'Rizki Hidaya Tullah', '129241', '12345678', 2, '2021-10-11 05:08:33'),
(129242, 'Sindi Pranata Jaya', '129242', '12345678', 2, '2021-10-11 05:08:33'),
(129243, 'TIYO YULISTIAWAN', '129243', '12345678', 2, '2021-10-11 05:08:33'),
(129244, 'ADILLA AGUSTININGTIAS', '129244', '12345678', 2, '2021-10-11 05:08:33'),
(129245, 'Agustian Yarik Alfaruk', '129245', '12345678', 2, '2021-10-11 05:08:33'),
(129246, 'ALFIAH MARHUMAH', '129246', '12345678', 2, '2021-10-11 05:08:33'),
(129247, 'CHOIRUL ANAM', '129247', '12345678', 2, '2021-10-11 05:08:33'),
(129248, 'Deniyatus Sholihin', '129248', '12345678', 2, '2021-10-11 05:08:33'),
(129249, 'DINA LORENZA', '129249', '12345678', 2, '2021-10-11 05:08:33'),
(129250, 'FADIS OKTAFIAN DWINATA', '129250', '12345678', 2, '2021-10-11 05:08:33'),
(129251, 'Firdan Zaynuri Arzy', '129251', '12345678', 2, '2021-10-11 05:08:33'),
(129252, 'Kartika Budi Wildani', '129252', '12345678', 2, '2021-10-11 05:08:33'),
(129253, 'KETTY FITRIA WULANDARI', '129253', '12345678', 2, '2021-10-11 05:08:33'),
(129254, 'Khozinul Asror', '129254', '12345678', 2, '2021-10-11 05:08:33'),
(129255, 'Lailatul Alvin Nur', '129255', '12345678', 2, '2021-10-11 05:08:33'),
(129256, 'Leo Andi Santono', '129256', '12345678', 2, '2021-10-11 05:08:33'),
(129257, 'M. IQBAL FAHIRULLAH', '129257', '12345678', 2, '2021-10-11 05:08:33'),
(129258, 'M. JALIL', '129258', '12345678', 2, '2021-10-11 05:08:33'),
(129259, 'MOHAMMAD ANDIKA SETIAWAN', '129259', '12345678', 2, '2021-10-11 05:08:33'),
(129260, 'MOHAMMAD GHUFRON AFANDI', '129260', '12345678', 2, '2021-10-11 05:08:33'),
(129261, 'Mohammad Haerul Roziqin', '129261', '12345678', 2, '2021-10-11 05:08:33'),
(129262, 'Muhammad Ali Wafa', '129262', '12345678', 2, '2021-10-11 05:08:33'),
(129263, 'Muhammad Alifandi', '129263', '12345678', 2, '2021-10-11 05:08:33'),
(129264, 'MUHAMMAD FARHAN ISLAMI', '129264', '12345678', 2, '2021-10-11 05:08:33'),
(129265, 'MUHAMMAD IFAN EFENDI', '129265', '12345678', 2, '2021-10-11 05:08:33'),
(129266, 'MUHAMMAD RHAMADHAN NOFANDIYONO', '129266', '12345678', 2, '2021-10-11 05:08:33'),
(129267, 'muhammad sofyan', '129267', '12345678', 2, '2021-10-11 05:08:33'),
(129268, 'PUTRI WARDINA', '129268', '12345678', 2, '2021-10-11 05:08:33'),
(129269, 'Rio Purnomo Aji', '129269', '12345678', 2, '2021-10-11 05:08:33'),
(129270, 'ROHELEO', '129270', '12345678', 2, '2021-10-11 05:08:33'),
(129271, 'Roni Winanto', '129271', '12345678', 2, '2021-10-11 05:08:33'),
(129272, 'Samsul Arifin', '129272', '12345678', 2, '2021-10-11 05:08:33'),
(129273, 'SINTIAWATI', '129273', '12345678', 2, '2021-10-11 05:08:33'),
(129274, 'SITI KHUMAIROH', '129274', '12345678', 2, '2021-10-11 05:08:33'),
(129275, 'SITTI MAGFIROH', '129275', '12345678', 2, '2021-10-11 05:08:33'),
(129276, 'SOFIATUS SHOLEHAH', '129276', '12345678', 2, '2021-10-11 05:08:33'),
(129277, 'TIO FADLI FIRMANSYAH', '129277', '12345678', 2, '2021-10-11 05:08:33'),
(129278, 'Wike Safiyatun Hasanah', '129278', '12345678', 2, '2021-10-11 05:08:33'),
(129279, 'AGUSTIN FIRNANDA', '129279', '12345678', 2, '2021-10-11 05:08:33'),
(129280, 'Ahmad Abdullah', '129280', '12345678', 2, '2021-10-11 05:08:33'),
(129281, 'Ahmad Dani', '129281', '12345678', 2, '2021-10-11 05:08:33'),
(129282, 'BAGUS AJI PRADANA', '129282', '12345678', 2, '2021-10-11 05:08:33'),
(129283, 'Bustanul Arifin', '129283', '12345678', 2, '2021-10-11 05:08:33'),
(129284, 'Deny Achmad Modzakkirul Alam', '129284', '12345678', 2, '2021-10-11 05:08:33'),
(129285, 'DIMAS SUGMA MAULANA', '129285', '12345678', 2, '2021-10-11 05:08:33'),
(129286, 'FAIS', '129286', '12345678', 2, '2021-10-11 05:08:33'),
(129287, 'Fery firmansyah', '129287', '12345678', 2, '2021-10-11 05:08:33'),
(129288, 'Hapis Bin Japaris', '129288', '12345678', 2, '2021-10-11 05:08:33'),
(129289, 'Hilyatul Jannah', '129289', '12345678', 2, '2021-10-11 05:08:33'),
(129290, 'HOLADA YURINA', '129290', '12345678', 2, '2021-10-11 05:08:33'),
(129291, 'ISMATUL MAULA', '129291', '12345678', 2, '2021-10-11 05:08:33'),
(129292, 'Kevin Alfansyah Putra', '129292', '12345678', 2, '2021-10-11 05:08:33'),
(129293, 'MISBAHUL MUNIR', '129293', '12345678', 2, '2021-10-11 05:08:33'),
(129294, 'Mochammad Alvyand Hidayatullah Haq', '129294', '12345678', 2, '2021-10-11 05:08:33'),
(129295, 'Mohammad Aditiya', '129295', '12345678', 2, '2021-10-11 05:08:33'),
(129296, 'MUHAMMAD FARUQ MAULANA', '129296', '12345678', 2, '2021-10-11 05:08:33'),
(129297, 'Muhammad Indra Tri Wardana', '129297', '12345678', 2, '2021-10-11 05:08:33'),
(129298, 'Muhammad Jeri', '129298', '12345678', 2, '2021-10-11 05:08:33'),
(129299, 'Muhammad Ludfi', '129299', '12345678', 2, '2021-10-11 05:08:33'),
(129300, 'NILAM FITRIANA', '129300', '12345678', 2, '2021-10-11 05:08:33'),
(129301, 'Putra', '129301', '12345678', 2, '2021-10-11 05:08:33'),
(129302, 'PUTRI AYU ATIKA', '129302', '12345678', 2, '2021-10-11 05:08:33'),
(129303, 'RIFKI SYAMSUL ARIFIN', '129303', '12345678', 2, '2021-10-11 05:08:33'),
(129304, 'Robi Ahmad Riadi', '129304', '12345678', 2, '2021-10-11 05:08:33'),
(129305, 'SINDI AMALIYA', '129305', '12345678', 2, '2021-10-11 05:08:33'),
(129306, 'SINTA DEWI PRASTIKA', '129306', '12345678', 2, '2021-10-11 05:08:33'),
(129307, 'ULIL MA\'RIFAH', '129307', '12345678', 2, '2021-10-11 05:08:33'),
(129308, 'UMAM ADI SAPUTRA', '129308', '12345678', 2, '2021-10-11 05:08:33'),
(129309, 'UMI KULSUM', '129309', '12345678', 2, '2021-10-11 05:08:33'),
(129310, 'YOGI RAMADANI', '129310', '12345678', 2, '2021-10-11 05:08:33'),
(129311, 'YULANDARI', '129311', '12345678', 2, '2021-10-11 05:08:33'),
(100, 'Fibrian Kartika Nuswanto, S.Pd', 'fibrian', '87654321', 2, '2021-10-11 05:08:33'),
(101, 'Lilik Suryawati, S.Pd', 'lilik', '87654321', 2, '2021-10-11 05:08:33'),
(102, 'Yuli Sastrianingsih, S.Pd', 'yuli', '87654321', 2, '2021-10-11 05:08:33'),
(103, 'Ida Rita Sumanti, S.T', 'ida', '87654321', 2, '2021-10-11 05:08:33'),
(104, 'Firlya Citra Kurniati, S.Si', 'firlyacitra', '87654321', 2, '2021-10-11 05:08:33'),
(105, 'Neny Aniliya Duwiyanti, S.Pd', 'nenyaniliya', '87654321', 2, '2021-10-11 05:08:33'),
(106, 'Adi Sumantri, S.Pd', 'adi', '87654321', 2, '2021-10-11 05:08:33'),
(107, 'Budi Santoso, S.Pd., M.Pd', 'budisantosos', '87654321', 2, '2021-10-11 05:08:33'),
(108, 'Susi Hartatik, S.Pd', 'susi', '87654321', 2, '2021-10-11 05:08:33'),
(109, 'Ahmadi Andianto, S.Kom', 'ahmadi', '87654321', 2, '2021-10-11 05:08:33'),
(110, 'Diah Permitasari, S.Pd', 'diah', '87654321', 2, '2021-10-11 05:08:33'),
(112, 'Ayati Kanzaniyah Nur Imani, S.Pd', 'ayati', '87654321', 2, '2021-10-11 05:08:33'),
(113, 'Ahmad Timbul Sholeh, S.T', 'ahmad', '87654321', 2, '2021-10-11 05:08:33'),
(114, 'Ayu Ridhawati, S.Kom', 'ayu', '87654321', 2, '2021-10-11 05:08:33'),
(115, 'Suwarno Arieska, S.Pd', 'suwarno', '87654321', 2, '2021-10-11 05:08:33'),
(116, 'Firdaus yasin, S.E., Gr', 'firdaus', '87654321', 2, '2021-10-11 05:08:33'),
(117, 'Latifah Camelia Ratnaningtyas, S.Pd', 'latifahcamelia', '87654321', 2, '2021-10-11 05:08:33'),
(118, 'Fifi Ayu Andani, S.Pd', 'fifiayu', '87654321', 2, '2021-10-11 05:08:33'),
(119, 'Dwi Yuni Hartini, S.Pd', 'dwiyuni', '87654321', 2, '2021-10-11 05:08:33'),
(120, 'Barizatul Kamilah, S.Pd.I', 'barizatul', '87654321', 2, '2021-10-11 05:08:33'),
(121, 'Zein Fathol Bari, S.E', 'zein', '87654321', 2, '2021-10-11 05:08:33'),
(122, 'Sutin Rofikah, S.Pd', 'sutin', '87654321', 2, '2021-10-11 05:08:33'),
(124, 'Bahrul Fauzi, S.Pd', 'bahrul', '87654321', 2, '2021-10-11 05:08:33'),
(125, 'Uswatun Hasanah, S.Pd', 'uswatun', '87654321', 2, '2021-10-11 05:08:33'),
(126, 'Beny Setiawan, S.S', 'beny', '87654321', 2, '2021-10-11 05:08:33'),
(127, 'Encik Burhanuddin, S.Kom', 'encik', '87654321', 2, '2021-10-11 05:08:33'),
(128, 'Fitriyah Arizkiyanti, S.Kom', 'fitriyah', '87654321', 2, '2021-10-11 05:08:33'),
(129, 'Haris Nurtanio, S.Kom', 'haris', '87654321', 2, '2021-10-11 05:08:33'),
(130, 'Qoimatul Adilah, S.Pd', 'qoimatul', '87654321', 2, '2021-10-11 05:08:33'),
(131, 'Hofidatul Jannah, M.Pd', 'hofidatul', '87654321', 2, '2021-10-11 05:08:33'),
(132, 'Nanik Purtianah, S.Pd', 'nanik', '87654321', 2, '2021-10-11 05:08:33'),
(133, 'Hasan, S.Pd', 'hasan', '87654321', 2, '2021-10-11 05:08:33'),
(134, 'Iradhatun Fauziah, S.Pd', 'iradhatun', '87654321', 2, '2021-10-11 05:08:33'),
(135, 'Lukman Prayogi, S.Kom', 'lukman', '87654321', 2, '2021-10-11 05:08:33'),
(136, 'Alvi Hidayati, M.Pd', 'alvi', '87654321', 2, '2021-10-11 05:08:33'),
(137, 'Vishal Rahmat Dharmawan, S.Pd', 'vishalrahmat', '87654321', 2, '2021-10-11 05:08:33'),
(138, 'Ainun Nazilah, S.Si', 'ainun', '87654321', 2, '2021-10-11 05:08:33'),
(140, 'Dondy Setiawan, S.Pd', 'dondy', '87654321', 2, '2021-10-11 05:08:33'),
(141, 'Triana Heri Wibowo, S.Pd', 'trianaheri', '87654321', 2, '2021-10-11 05:08:33'),
(142, 'Haris Arfan Roviqi, S.Kom', 'harisarfan', '87654321', 2, '2021-10-11 05:08:33'),
(143, 'Siwi Purwana Amir, S.Pd', 'siwipurwana', '87654321', 2, '2021-10-11 05:08:33'),
(111, 'Muhammad Sudarmaji, S.Pd', 'sudarmaji', '87654321', 2, '2021-10-11 05:08:33'),
(123, 'Ratningtyas Trisnasanti, S.Psi', 'ratnaningtyas', '87654321', 2, '2021-10-11 05:08:33'),
(139, 'Jenif Ilmiatin, S.Pd', 'jenif', '87654321', 2, '2021-10-11 05:08:33'),
(200, 'Ratna Setyaningsih, A.Md', 'ratna', '87654321', 2, '2021-10-11 05:08:33'),
(201, 'Heni Erawati, S.Sos', 'heni', '87654321', 2, '2021-10-11 05:08:33'),
(202, 'Siti Hamida', 'siti', '87654321', 2, '2021-10-11 05:08:33'),
(203, 'Yulianto', 'yulianto', '87654321', 2, '2021-10-11 05:08:33'),
(204, 'Amir Diansah, S.Kom', 'amir', '87654321', 2, '2021-10-11 05:08:33'),
(205, 'Wahyudi', 'wahyudi', '87654321', 2, '2021-10-11 05:08:33'),
(206, 'Siti Nor Aisyah', 'sitinor', '87654321', 2, '2021-10-11 05:08:33'),
(207, 'Hermanto', 'hermanto', '87654321', 2, '2021-10-11 05:08:33'),
(208, 'Suhariyanto', 'suhari', '87654321', 2, '2021-10-11 05:08:33'),
(209, 'Lusiana Ulfa', 'lusi', '87654321', 2, '2021-10-11 05:08:33'),
(210, 'Fitrih Amaliyah Haryati', 'fitrih', '87654321', 2, '2021-10-11 05:08:33'),
(211, 'Nurul Fadillah', 'nurul', '87654321', 2, '2021-10-11 05:08:33'),
(212, 'Ahmad Sofyan', 'sofyan', '87654321', 2, '2021-10-11 05:08:33'),
(213, 'Misdaryanto', 'misdar', '87654321', 2, '2021-10-11 05:08:33'),
(214, 'Sugeng Apriyo Susanto', 'sugeng', '87654321', 2, '2021-10-11 05:08:33'),
(215, 'Muhammad Samsuri', 'samsuri', '87654321', 2, '2021-10-11 05:08:33'),
(216, 'Zayyadi', 'zayyadi', '87654321', 2, '2021-10-11 05:08:33'),
(217, 'Bambang Eriyanto', 'bambang', '87654321', 2, '2021-10-11 05:08:33'),
(218, 'Tansil Asisil Rohim', 'tansil', '87654321', 2, '2021-10-11 05:08:33'),
(1000, 'Administrator', 'admin', 'adminkaneta', 1, '2021-10-11 05:08:33'),
(129312, 'Asyik Sulaiman, S.Pd., M.Pd', 'asyik', '87654321', 2, '2021-10-17 12:10:48');

--
-- Indexes for dumped tables
--

--
-- Indexes for table `calon_osis`
--
ALTER TABLE `calon_osis`
  ADD PRIMARY KEY (`id_calon`);

--
-- Indexes for table `hasil_voting`
--
ALTER TABLE `hasil_voting`
  ADD PRIMARY KEY (`id_user`),
  ADD KEY `id_calon` (`id_calon`);

--
-- Indexes for table `setting_waktu`
--
ALTER TABLE `setting_waktu`
  ADD PRIMARY KEY (`id_setting`);

--
-- Indexes for table `users`
--
ALTER TABLE `users`
  ADD PRIMARY KEY (`id_user`);

--
-- AUTO_INCREMENT for dumped tables
--

--
-- AUTO_INCREMENT for table `calon_osis`
--
ALTER TABLE `calon_osis`
  MODIFY `id_calon` int NOT NULL AUTO_INCREMENT, AUTO_INCREMENT=14;

--
-- AUTO_INCREMENT for table `setting_waktu`
--
ALTER TABLE `setting_waktu`
  MODIFY `id_setting` int NOT NULL AUTO_INCREMENT, AUTO_INCREMENT=2;

--
-- AUTO_INCREMENT for table `users`
--
ALTER TABLE `users`
  MODIFY `id_user` int NOT NULL AUTO_INCREMENT, AUTO_INCREMENT=129313;
COMMIT;

/*!40101 SET CHARACTER_SET_CLIENT=@OLD_CHARACTER_SET_CLIENT */;
/*!40101 SET CHARACTER_SET_RESULTS=@OLD_CHARACTER_SET_RESULTS */;
/*!40101 SET COLLATION_CONNECTION=@OLD_COLLATION_CONNECTION */;
