-- phpMyAdmin SQL Dump
-- version 5.2.0
-- https://www.phpmyadmin.net/
--
-- Host: localhost:3306
-- Waktu pembuatan: 24 Des 2022 pada 03.59
-- Versi server: 5.7.33
-- Versi PHP: 7.4.19

SET SQL_MODE = "NO_AUTO_VALUE_ON_ZERO";
START TRANSACTION;
SET time_zone = "+00:00";


/*!40101 SET @OLD_CHARACTER_SET_CLIENT=@@CHARACTER_SET_CLIENT */;
/*!40101 SET @OLD_CHARACTER_SET_RESULTS=@@CHARACTER_SET_RESULTS */;
/*!40101 SET @OLD_COLLATION_CONNECTION=@@COLLATION_CONNECTION */;
/*!40101 SET NAMES utf8mb4 */;

--
-- Database: `db_simpeosisv1`
--

-- --------------------------------------------------------

--
-- Struktur dari tabel `calon_osis`
--

CREATE TABLE `calon_osis` (
  `id_calon` int(11) NOT NULL,
  `nama_calon` varchar(35) NOT NULL,
  `visimisi` text NOT NULL,
  `gambar` varchar(50) NOT NULL,
  `jumlah_vote` int(11) NOT NULL
) ENGINE=InnoDB DEFAULT CHARSET=utf8mb4;

--
-- Dumping data untuk tabel `calon_osis`
--

INSERT INTO `calon_osis` (`id_calon`, `nama_calon`, `visimisi`, `gambar`, `jumlah_vote`) VALUES
(1, 'Dwi&Agis', '<p><strong>PROGRAM KERJA</strong></p>\r\n<p>1. Melaksanakan kegiatan lomba agustusan.</p>\r\n<p>2. Melaksanakan penghijauan dan perindangan di lingkungan sekolah.</p>\r\n<p>3. Membaca surat-surat pendek setiap jam pertama pembelajaran.</p>\r\n<p>4. Mengembangkan peran siswa di dalam OSIS dengan tugas masing-masing.</p>\r\n<p>5. Melaksanakan kegiatan maulid nabi.</p>\r\n<p>6. Mengembangkan mading setiap bulannya.</p>', '122582.jpeg', 0),
(2, 'Sakila & Dwi', '<p><strong>PROGRAM KERJA</strong></p>\r\n<p>1. Mengadakan festival ekstrakurikuler.</p>\r\n<p>2. Melaksanakan sholat dhuha perkelas.</p>\r\n<p>3. Melaksanakan bazar perkelas.</p>\r\n<p>4. Melaksanakan ekstrakurikuler teater dan tari.</p>\r\n<p>5. Mengadakan debate class jurnalistik.</p>\r\n<p>6. Mengadakan english club.</p>', '485112.jpeg', 0),
(3, 'Asri & Rendy', '<p><strong>PROGRAM KERJA</strong></p>\r\n<p>1. Melaksanakan sholat wajib dan sunah berjama\\\'ah.</p>\r\n<p>2. Melaksanakan kegiatan keagamaan seperti Maulid Nabi, Isra\\\' Mi\\\'roj dan Idul Adha.</p>\r\n<p>3. Melaksanakan Amaliyah sesuai dengan Norma dan agama seperti infak atau amal di setiap hari jum\\\'at.</p>\r\n<p>4. Bekerja sama dengan guru BK melakukan razia untuk menegakkan kedisiplinan siswa di sekolah.</p>\r\n<p>5. Mempersiapkan upacara rutin maupun upacara untuk peringatan besar seperti hari kemerdekaan.</p>\r\n<p>6. Mengadakan pentas seni secara berkala sebagai ajang untuk menyalurkan bakat siswa.</p>\r\n<p>7. Melaksanakan kegiatan&nbsp;kepramukaan.</p>', '128689.jpeg', 0),
(4, 'Retno & Rosidi', '<p><strong>PROGRAM KERJA</strong></p>\r\n<p>1. Melaksanakan peringatan hari-hari besar keagamaan.</p>\r\n<p>2. Menggalang dana untuk masyarakat indonesia yang terkena musibah bencana alam.</p>\r\n<p>3. Melaksanakan latihan upacara pada hari sabtu untuk kelas yang telah terpilih menjadi petugas upacara.</p>\r\n<p>4. Menjalankan mading setiap 1 bulan 1 kali.</p>\r\n<p>5. Melaksanakan classmeeting setiap 1 semester 2 kali.</p>\r\n<p>6. Mengadakan KANETA got talent,dimana siswa/siswi dapat menampilkan bakat, minat, dan&nbsp;kreativitasnya.</p>', '130153.jpeg', 0);

-- --------------------------------------------------------

--
-- Struktur dari tabel `hasil_voting`
--

CREATE TABLE `hasil_voting` (
  `id_user` int(11) NOT NULL,
  `id_calon` int(11) NOT NULL,
  `tanggal` datetime NOT NULL DEFAULT CURRENT_TIMESTAMP
) ENGINE=InnoDB DEFAULT CHARSET=utf8mb4;

--
-- Dumping data untuk tabel `hasil_voting`
--

INSERT INTO `hasil_voting` (`id_user`, `id_calon`, `tanggal`) VALUES
(101, 1, '2022-12-24 10:30:42'),
(102, 2, '2022-12-24 10:32:30'),
(106, 1, '2022-12-24 09:45:21'),
(108, 1, '2022-12-24 09:31:35'),
(110, 1, '2022-12-24 09:31:46'),
(111, 2, '2022-12-24 09:43:52'),
(113, 1, '2022-12-24 09:46:14'),
(122, 1, '2022-12-24 10:47:56');

-- --------------------------------------------------------

--
-- Struktur dari tabel `setting_waktu`
--

CREATE TABLE `setting_waktu` (
  `id_setting` int(11) NOT NULL,
  `waktu` date NOT NULL
) ENGINE=InnoDB DEFAULT CHARSET=utf8mb4;

--
-- Dumping data untuk tabel `setting_waktu`
--

INSERT INTO `setting_waktu` (`id_setting`, `waktu`) VALUES
(1, '2022-12-24');

-- --------------------------------------------------------

--
-- Struktur dari tabel `users`
--

CREATE TABLE `users` (
  `id_user` int(11) NOT NULL,
  `nama` varchar(35) NOT NULL,
  `username` varchar(35) NOT NULL,
  `password` varchar(35) NOT NULL,
  `akses` int(11) NOT NULL,
  `joining_date` timestamp NOT NULL DEFAULT CURRENT_TIMESTAMP
) ENGINE=InnoDB DEFAULT CHARSET=utf8mb4;

--
-- Dumping data untuk tabel `users`
--

INSERT INTO `users` (`id_user`, `nama`, `username`, `password`, `akses`, `joining_date`) VALUES
(1, 'admin', 'admin', 'admin', 1, '2022-12-08 02:06:20'),
(100, 'Adi Sumantri', '1.97902262009021E+17', 'b23cc68d86f7b644462ee4182bb7eea6', 2, '2022-12-08 03:10:24'),
(101, 'Ahmad Timbul Sholeh', '199106252019031007', '1bab1037db630334e1a34179386d1edf', 2, '2022-12-08 03:10:24'),
(102, 'Ahmadi Andianto', '198102012009021003', 'd7f5fcc8ed12a6eaadfd6d0fe5e1f097', 2, '2022-12-08 03:10:24'),
(103, 'Asyik Sulaiman', '197308172005011010', '9b2822f52a1f92badf3f929c038d16f2', 2, '2022-12-08 03:10:24'),
(104, 'Ayati Kanzaniyah Nur Imani', '198702152019032011', '00bd05a38c1b0ba5d8326439ea34b91c', 2, '2022-12-08 03:10:24'),
(105, 'Ayu Ridhawati', '199103092019032016', '8c83c2346df08aff39682cd8f15fc3fc', 2, '2022-12-08 03:10:24'),
(106, 'Diah Permitasari', '198409262011012012', '88a474502bd1d0b0b6c364c4744173e9', 2, '2022-12-08 03:10:24'),
(107, 'DWI YUNI HARTINI', '199706302020122014', 'db520398c0279c1b2cbb500209935a67', 2, '2022-12-08 03:10:24'),
(108, 'Fibrian Kartika Nuswanto', '196902032005011009', 'a872363416de46bf59b787741424cf61', 2, '2022-12-08 03:10:24'),
(109, 'FIFI AYU ANDANI', '199308212020122018', '8b5eaf35fe0150e0168ab7d35d6adc54', 2, '2022-12-08 03:10:24'),
(110, 'Firdaus Yasin', '199010092020121012', '822f7b39c25d6b503fe8245b43a0077e', 2, '2022-12-08 03:10:24'),
(111, 'Firlya Citra Kurniawati', '198208202009022002', 'f0e0cf2a583bfa75cf10b25858402566', 2, '2022-12-08 03:10:24'),
(112, 'Heni Erawati', '197804032010012002', 'b09bb58196e9248fe5908fa0e47d40ba', 2, '2022-12-08 03:10:24'),
(113, 'Ida Rita Sumanti', '197812102009022004', '5ece1ad0c3fb471abd4af2008ae2a2d8', 2, '2022-12-08 03:10:24'),
(114, 'Latifah Camelia Ratnaningtyas', '199305042020122026', '0ce4ac509e400f92df1da59f3f41cdd5', 2, '2022-12-08 03:10:24'),
(115, 'Lilik Suryawati', '198204092009022005', '2b18b3793de961e85bd6ca6ef507952e', 2, '2022-12-08 03:10:24'),
(116, 'Muhammad Sudarmaji', '198106172007011003', '54a7e54d6af37d53a0dee904bf7a9981', 2, '2022-12-08 03:10:24'),
(117, 'Neny Aniliya Duwiyanti', '198608102009022004', '90a75972612cfb0e675a360994e69f51', 2, '2022-12-08 03:10:24'),
(118, 'Ratna Setyaningsih', '197410202008012009', '5ab38375f89022f9234bf449d93bb058', 2, '2022-12-08 03:10:24'),
(119, 'Susi Hartatik', '198406252009022006', '00510e1413795cf618f25fd844a5468d', 2, '2022-12-08 03:10:24'),
(120, 'Suwarno Arieska', '198607112020121007', '5a324326f2bed6d494e4bfac04872f11', 2, '2022-12-08 03:10:24'),
(121, 'Yuli Sastriyaningsih', '198407282009022005', '69f70fbf110a7494f0dce3e8c2b2dba4', 2, '2022-12-08 03:10:24'),
(122, 'ALVI HIDAYATI', '199401012022212018', '220f204743c8d01b0162eaa77fd4e17e', 2, '2022-12-08 03:10:24'),
(123, 'Fitriyah Arizkiyanti', '198804072022212022', 'fdbf2bdba3e9411cb9467cfaa2ad016f', 2, '2022-12-08 03:10:25'),
(124, 'HARIS ARFAN ROVIQI', '199402042022211010', '6119cf6f1ca0abff839375f8e1d012b4', 2, '2022-12-08 03:10:25'),
(125, 'Haris Nurtanio', '199203192022211013', 'bde41cb075de29b718fc47791fbe959f', 2, '2022-12-08 03:10:25'),
(126, 'Hasan', '199201282022211006', 'bc31f4258958292f7aa82df3c7b9b885', 2, '2022-12-08 03:10:25'),
(127, 'HOFI DATUL JANNAH', '199205242022212012', '1272e8de46d8380e9c248ca94c698df6', 2, '2022-12-08 03:10:25'),
(128, 'Jenif Ilmiatin', '198901212022212018', '8ebb3fb771756af8a63eca17d2503e1e', 2, '2022-12-08 03:10:25'),
(129, 'Jossep July Pryambodo', '198507292022211015', '390d7a32cf38888cd599eaa002c6ed40', 2, '2022-12-08 03:10:25'),
(130, 'Lukman Prayogi', '199306192022211008', '567ff08d0d33e16a959af71e4804decf', 2, '2022-12-08 03:10:25'),
(131, 'Nanik Purtianah', '198606222022212028', '5a3c09a98559b1d3d142eead01dbbca3', 2, '2022-12-08 03:10:25'),
(132, 'Qoimatul Adilah', '199211252022212025', 'dee1d9b81db5bfd151185599da6fa459', 2, '2022-12-08 03:10:25'),
(133, 'Ratnaningtyas Trisnasanti', '197906232022212017', '34c9108436a87a3ed92215df767d2682', 2, '2022-12-08 03:10:25'),
(134, 'VISHAL RAHMAT DHARMAWAN', '199307122022211012', 'fabfaf0297bc6d0b30657af4ddaa4038', 2, '2022-12-08 03:10:25'),
(135, 'AINUN NAZILAH', 'buainun', '2f23b264254b6e3ba520be303706126e', 2, '2022-12-08 03:10:25'),
(136, 'Beny Setiawan', 'pakbeny', 'fed4c5eee3bcef039e974648a49588f8', 2, '2022-12-08 03:10:25'),
(137, 'Uswatun Hasanah', 'buuus', '8d9b0b95453bc1d80ec60b9ede1e2266', 2, '2022-12-08 03:10:25'),
(138, 'ANDY NUR RACHMAN', 'pakandy', '6e5a1326535102cf98af7609cc893e9d', 2, '2022-12-08 03:10:25'),
(139, 'Barizatul Kamilah', 'bubariz', '8f01e9847d7fd290365a31253aeab5b5', 2, '2022-12-08 03:10:25'),
(140, 'Dondy Setiawan', 'pakdondy', 'a9224c792b521860538e3b9f4a5da14f', 2, '2022-12-08 03:10:25'),
(141, 'Sutin Rofikah', 'busutin', '2ec569c1239537a43b9e7522c4318147', 2, '2022-12-08 03:10:25'),
(142, 'Fendi Eka Ariyanto', 'pakfendi', 'ce26ae39ea39b735c2c164124bc6b5e7', 2, '2022-12-08 03:10:25'),
(143, 'Fikris Ramadhani', 'pakfikris', '8c7f1c1827b2b08cf69cc62f4c89af3d', 2, '2022-12-08 03:10:25'),
(144, 'Encik Burhanudin', 'pakencik', 'c57acd6ba1775b7966622c3962e13044', 2, '2022-12-08 03:10:25'),
(145, 'AHMAD SOFYAN', 'paksofyan', '8497ea1684ce38f3f4c64d216b4ada23', 2, '2022-12-08 03:10:25'),
(146, 'Amir Diansah', 'pakamir', '6a943b9af779648f736bdc1cfb67104c', 2, '2022-12-08 03:10:25'),
(147, 'BAMBANG ERIYANTO', 'pakbambang', 'f3b50379d4b093a17fc59cda422a4fca', 2, '2022-12-08 03:10:25'),
(148, 'Fitrih Amaliyah Haryati', 'bufitrih', 'f2c1dc9847751eeccfc7afecb6d04b33', 2, '2022-12-08 03:10:25'),
(149, 'Hermanto', 'pakherman', 'ddedadaec355281538cf2d5d5bce1c92', 2, '2022-12-08 03:10:25'),
(150, 'Lusiana Ulfa', 'bulusi', 'c8e2bde3db5307840629405fef0fa955', 2, '2022-12-08 03:10:25'),
(151, 'MISDAR YANTO', 'pakmisdar', 'a2c0e74891255ca75b37752e1daa8426', 2, '2022-12-08 03:10:25'),
(152, 'MUHAMMAD SAMSURI', 'paksamsuri', '636818c7a5890127438bd4bd58a984c1', 2, '2022-12-08 03:10:25'),
(153, 'Nurul Fadilah', 'bunurul', '91d26c20adf35b86544591bc1878df1c', 2, '2022-12-08 03:10:25'),
(154, 'Siti Nor Aisyah', 'buaisyah', 'b78dd36f56de15f8c296bdb5c56768e9', 2, '2022-12-08 03:10:25'),
(155, 'SUGENG APRIYO SUSANTO', 'paksugeng', 'e13b24852c54df2ca974828890c13daf', 2, '2022-12-08 03:10:25'),
(156, 'Suhariyanto', 'paksuhariyanto', '62d2d06db8974ae582222d1e19797645', 2, '2022-12-08 03:10:25'),
(157, 'TANSIL ASISIL ROHIM', 'paktansil', '51bb23776e1fb3633dc5ea526790745e', 2, '2022-12-08 03:10:25'),
(158, 'Alfan Triwanto', 'pakalfan', '7d0dff4e91d60a4bbbfec3a42a533143', 2, '2022-12-08 03:10:25'),
(159, 'Wahyudi', 'pakwahyudi', '40cb535a4c8298ef4c6b5a17d90c531c', 2, '2022-12-08 03:10:25'),
(160, 'Yulianto', 'pakyulianto', 'b7b5597ee76c1daa79062aa1cd26c668', 2, '2022-12-08 03:10:25'),
(161, 'ZAYYADI', 'pakzayyadi', '7476d325d4aacc05976467827d0391a0', 2, '2022-12-08 03:10:25'),
(1000, 'Abdur Rohim', '0063599382', '0019602f72d8fbaecd0c21717f6be9e8', 2, '2022-12-08 03:10:25'),
(1001, 'ABIL', '0052555266', 'e2bcba1ec1a96e1abf759b5ada2fb65a', 2, '2022-12-08 03:10:25'),
(1002, 'Afdhal Mutawaqqil Alallah', '3064311328', 'ac741d9bfc4efdf305cbcc6f4a806c58', 2, '2022-12-08 03:10:25'),
(1003, 'Elen Nur Afifah', '0045909814', 'a17e8f9a93a46509b77acbc33e6ec315', 2, '2022-12-08 03:10:25'),
(1004, 'Fauzi', '0075944820', '4f0d13970f5456e8d130118c661bfca9', 2, '2022-12-08 03:10:25'),
(1005, 'Imron Rosidi', '0066000939', '3695d52ca7209ae6ec2384479f52c6eb', 2, '2022-12-08 03:10:25'),
(1006, 'Inarotul Fikkriyah', '0078973004', '88b31f5eb86b771c17ec821307f42eec', 2, '2022-12-08 03:10:25'),
(1007, 'Irma Triyanti', '0079235498', '50a94053221cda66164bdd544790ce4c', 2, '2022-12-08 03:10:25'),
(1008, 'MOCHAMMAD ADITYA CHOIR', '0051993234', '758ec0b5df850b6afae1db7aac98e0e5', 2, '2022-12-08 03:10:25'),
(1009, 'Mochammad Maulana Rendi', '0063452488', 'd2f644af740a6bfa9b127bcd89b7a718', 2, '2022-12-08 03:10:25'),
(1010, 'MOCHAMMAD PUTRA VIBAH ALI FIRDAUSI', '0079097128', '5bd76dd779c9525974244c40d200b490', 2, '2022-12-08 03:10:25'),
(1011, 'Mohammad Aldi Maulana', '0074182629', '5d03bfb274111b19ac6abcd81045005e', 2, '2022-12-08 03:10:25'),
(1012, 'MOHAMMAD FIKI', '0066942896', '48a962327ad6b45f16c0aab02c73215a', 2, '2022-12-08 03:10:25'),
(1013, 'Mohammad Refi', '0074951235', '58805ed6733e685d456baa615575d693', 2, '2022-12-08 03:10:25'),
(1014, 'mohammad rico saputra', '0064753380', '78ba7e2a86f7f43a1fd4a94a48f56e43', 2, '2022-12-08 03:10:25'),
(1015, 'Muhammad Ali Ilham', '0082319450', 'faed7130c1998d3714e73f283f7c9a42', 2, '2022-12-08 03:10:25'),
(1016, 'Muhammad Andre Prayitno', '0061954582', '7cdb4c0b00b28f352fdf3a0a1bd0abe8', 2, '2022-12-08 03:10:25'),
(1017, 'Muhammad Fahrul Falah', '0054073440', '08aeb296af9bc096511bac387022877d', 2, '2022-12-08 03:10:25'),
(1018, 'Muhammad Faris Abquri', '0066197088', '7642d2b232a08cc1bee09dcb9e0f4e72', 2, '2022-12-08 03:10:25'),
(1019, 'MUHAMMAD NURIL WAHYUDI', '0064335375', '6af8f32bc11099f580e715b2982634f4', 2, '2022-12-08 03:10:25'),
(1020, 'Muhammad Wahyudi', '0069892544', '725a3156866e02a76454046eaa9b0166', 2, '2022-12-08 03:10:25'),
(1021, 'Nadin Stefani Agustin', '0063866769', 'bd99d1a49f10eec2ae1e672047be02ac', 2, '2022-12-08 03:10:25'),
(1022, 'Nur Rizqi Maulidatul Hasanah', '0079493496', '359cbe59fa559022236228c0753c19fd', 2, '2022-12-08 03:10:25'),
(1023, 'ONGQI CAESAR MAULANA', '0069060516', 'bdb76840d04f145c71178ba8cb9d05d8', 2, '2022-12-08 03:10:25'),
(1024, 'Reva Adindaria Puspitasari', '0075212007', '66d0dcffa77ea596818413eca06f11e5', 2, '2022-12-08 03:10:25'),
(1025, 'Rian Febrian Arifin', '0073636897', 'b3a9edd49ac07d8cc61229e262e008b9', 2, '2022-12-08 03:10:25'),
(1026, 'Rifky Raysa Ramadhan', '0079609906', 'c9dc0f1d935b52d4b417975cef7f0381', 2, '2022-12-08 03:10:25'),
(1027, 'Roby Sugara', '0066442640', 'e5a3bde5327c126a238bc2cf5a059168', 2, '2022-12-08 03:10:25'),
(1028, 'SHANDIKA FAREL SYAHDILA', '0074924773', 'c391fb995558895d75e9d8c879d3164e', 2, '2022-12-08 03:10:25'),
(1029, 'SHERIL FEBBY AYU LESTARI', '0079742750', 'a6248216679a2fba446eeab3e6f90dd4', 2, '2022-12-08 03:10:25'),
(1030, 'SITI NOR AISAH', '0063621234', '956d94ea7f236bec3c7527eb97f1e3d5', 2, '2022-12-08 03:10:25'),
(1031, 'Sri Wahyuni Daniah', '0085230088', '0e2c80c0d7b2ff534a5836b04b9fdaea', 2, '2022-12-08 03:10:25'),
(1032, 'SYGO WIJAYA', '0068123233', '93cffb68c549ef3c4f25be31047301e0', 2, '2022-12-08 03:10:25'),
(1033, 'VELICIA PRATIDINA RISYAHRA', '0047306431', '4f8df1fc8c3fbc5ebe04a40b61f723df', 2, '2022-12-08 03:10:25'),
(1034, 'VINA CANDRA APRILIA', '0071315169', 'f3c86ccc699cdd5751b4994b85119777', 2, '2022-12-08 03:10:25'),
(1035, 'Abilul Afdal', '0075983326', '76380cfa98b9bb3276001216c6391efd', 2, '2022-12-08 03:10:25'),
(1036, 'ADITYO NOVAL AHMAD WAFI', '0063265152', '27ebffddf344fdfc1ab630576c5e1ffc', 2, '2022-12-08 03:10:25'),
(1037, 'ADRIYAN FIRMANSYAH', '0065332760', '59873072454c4a96312dbfb64fb36ce4', 2, '2022-12-08 03:10:25'),
(1038, 'Ahmad Fadli', '0059866117', 'd9f47f3cbe7d17b3fac26c6956d928d6', 2, '2022-12-08 03:10:25'),
(1039, 'Anis Maysyaroh', '0072880982', 'bc93fb0c7d5973f56bd2035a6f6d1820', 2, '2022-12-08 03:10:25'),
(1040, 'candra aditia santoso', '0061941774', '47cd5d6f48d15291ea45f97a8870dcef', 2, '2022-12-08 03:10:25'),
(1041, 'DEVIN WULANDARI', '0062376490', 'c401ba03edfa37d8d3f11474343e5156', 2, '2022-12-08 03:10:25'),
(1042, 'DINI ROHIMATUL QOMARIYAH', '0067495784', '788bd3e9ad335a7f91b1e54685f1d0fc', 2, '2022-12-08 03:10:25'),
(1043, 'Intantri Febriani Yatus Sholeha', '0076043179', 'd910826e6defc8af7b74b65eb3cdd185', 2, '2022-12-08 03:10:25'),
(1044, 'Khusnul Khotimah', '3065687720', '202865ca5505a8f273767be0ed2852ba', 2, '2022-12-08 03:10:25'),
(1045, 'Laili Nur Lita', '0075614741', 'c551ef17b366902bb5d5c3759bd615a2', 2, '2022-12-08 03:10:25'),
(1046, 'Maulidya Lutfiah', '0088264919', '067a887c1612f2da55885eca8b7e455a', 2, '2022-12-08 03:10:25'),
(1047, 'Mochammad Alan Bayhaki', '0069111960', 'fedfc0e7b8c6133a4422d3ba9f745daa', 2, '2022-12-08 03:10:25'),
(1048, 'MOCHAMMAD YOGA ADINATA DIAN PERMANA', '0078236130', 'f3519640627828b17517e86b18eb689a', 2, '2022-12-08 03:10:25'),
(1049, 'Mohammad Fathor Rahman', '0069082461', '44dd39b927127683532f8b15f70160ef', 2, '2022-12-08 03:10:25'),
(1050, 'MOHAMMAD HOSEN AYUBI', '0066819346', 'c5fb37d4f19b5a44c5b744315c21cc5f', 2, '2022-12-08 03:10:25'),
(1051, 'MOHAMMAD IRWANDI', '0065088127', 'bd4c3a05ed1fc2f15e5806f391d25c8e', 2, '2022-12-08 03:10:25'),
(1052, 'MOHAMMAD ROBI SETIAWAN', '0062016733', 'e56c2f1d3920cd8f5858e42850d6d929', 2, '2022-12-08 03:10:25'),
(1053, 'Mohammad Zakki', '0069944832', 'abd42a5142e0d01e39f07987b90816b3', 2, '2022-12-08 03:10:25'),
(1054, 'Muhammad Alvian Alif Hanifu Sufyan', '0065472396', 'e35b75754e467c910494f9b07c77f9d5', 2, '2022-12-08 03:10:25'),
(1055, 'MUHAMMAD FADIL AFRIANSYAH', '0072927541', '123ab1937638689146dfc540498270f8', 2, '2022-12-08 03:10:25'),
(1056, 'Muhammad Ivan Permana', '0056758980', '417d407365b2e914a154d2ff4c679c5a', 2, '2022-12-08 03:10:25'),
(1057, 'MUHAMMAD RONI YANTO', '0079557234', '759a1f0dfb5068dc70aac549d3cf555e', 2, '2022-12-08 03:10:25'),
(1058, 'NOER KAMILATUL IMAMAH', '0065776310', 'c3ebb8fe4575fe7f710a99d8725ebe53', 2, '2022-12-08 03:10:25'),
(1059, 'Revina Jasinta Irvin Diari', '0066948909', 'a342df40a039e9e6672162e7859e1aea', 2, '2022-12-08 03:10:25'),
(1060, 'Rhohiqi Mahtum', '0063439324', 'b03e5034fff3325a3e256603b8e5fb66', 2, '2022-12-08 03:10:25'),
(1061, 'Riski Aditiya', '0079943027', '6c1f6de5ce48afa7f2cbbc0bcdea08cd', 2, '2022-12-08 03:10:25'),
(1062, 'ROSA FEBRIYANTI', '0075861355', 'eee87198ee5497d2b942c2052af8c64f', 2, '2022-12-08 03:10:25'),
(1063, 'Samhari', '0075114626', 'b991df8708ed6b79bf55b2e773873615', 2, '2022-12-08 03:10:25'),
(1064, 'SITI NUR ANISYAH', '0077152115', '1f065a373f99ca353ffc6e9a31e61c4d', 2, '2022-12-08 03:10:25'),
(1065, 'TEGAR SAPUTRA DWI ARIFIN', '0062109339', 'cddaf55f00904056d541fa97fce5c85c', 2, '2022-12-08 03:10:25'),
(1066, 'TOLAK FIRMANSYAH', '0067075332', '150e76db14ef424a1ecb043f7ced494f', 2, '2022-12-08 03:10:25'),
(1067, 'Ulan Ambarwati', '0069313732', 'f3e026e517ff0bd60a30cbf9f1bd1880', 2, '2022-12-08 03:10:25'),
(1068, 'WAHYU TRI FARDHANA', '3074348425', 'b1bb334247d8edf7e78cd92ae6d23712', 2, '2022-12-08 03:10:25'),
(1069, 'YUDHA ANANDA SAFIRA', '0079737760', '4982d1c67b71a939c95342fe8c70f281', 2, '2022-12-08 03:10:25'),
(1070, 'Achmad Dwi Syamsul Arifin', '0071595052', 'e33dac3e86311ad88b59757f1ca568e6', 2, '2022-12-08 03:10:25'),
(1071, 'Agnes Aulia', '0065695241', '8a59f2f64653364c60aa0429476a50ca', 2, '2022-12-08 03:10:25'),
(1072, 'AHMAD DANIL', '0067455765', 'bad20b47a70ba4a3bcc0a6a550974781', 2, '2022-12-08 03:10:25'),
(1073, 'ANDRE ADI PUTRA', '0079997354', '92de2ccb14d6efeb9b8052b6e437a50e', 2, '2022-12-08 03:10:25'),
(1074, 'Arifin', '0069831704', '9f822e6942c5e1c220baac8d6c8847ea', 2, '2022-12-08 03:10:25'),
(1075, 'Bagus Noviansyah', '0081336968', 'aef89574ed2d49c146f3cb2a37ef15c9', 2, '2022-12-08 03:10:25'),
(1076, 'Choiriah Franeta', '0066435139', '8178aa7abaa5725c350e2a1940219993', 2, '2022-12-08 03:10:25'),
(1077, 'CINDY ABELIA ANANTA', '0065350786', '62808a5eb2704dc65a540c22aa5fe2a6', 2, '2022-12-08 03:10:25'),
(1078, 'ELA WARDANIA', '0059177639', '65eb105393717ab2797a07ad83c7a1cd', 2, '2022-12-08 03:10:25'),
(1079, 'FAIZAL FALAKIH', '0078387653', '202ce29f98ef82aa68e38381385ada9c', 2, '2022-12-08 03:10:25'),
(1080, 'Fajrun Najah', '0061731631', '3dbfa8f8d68938fb06e287b66d9208f2', 2, '2022-12-08 03:10:25'),
(1081, 'Indah Dwi Nurholifah', '0064856120', '5e63a6e0c1ba39c5adeba1c43fecad27', 2, '2022-12-08 03:10:25'),
(1082, 'Komaria Agustin', '0083266801', '75cc872be5201dbdbc43c82f63dfc130', 2, '2022-12-08 03:10:25'),
(1083, 'Liantin', '0069299490', '5c8500067262e845bf00a31b78abe951', 2, '2022-12-08 03:10:25'),
(1084, 'makrup', '0057542008', 'a4f85e59f4b9dde20c38a6a59544ea9c', 2, '2022-12-08 03:10:25'),
(1085, 'Mochammad Nur Faqih Ramadhani', '0062726247', '1de5e66639389dbead4100f18aae7273', 2, '2022-12-08 03:10:25'),
(1086, 'Mohammad Fiqi Rizkiandi', '0063240884', '3cce8beb9901cc26a145e68be53b35fc', 2, '2022-12-08 03:10:25'),
(1087, 'Mohammad Ifandi', '0078011982', '8701b821bd9a19908aa62c428dbd597e', 2, '2022-12-08 03:10:25'),
(1088, 'Mohammad Raynold Fabiyan Firdaus', '0066197454', 'fab0f5ebbb619fea05c46b1fb3da9b73', 2, '2022-12-08 03:10:25'),
(1089, 'MOHAMMAD SATRIADI', '0075051156', 'ad1da7ca037d18950249a2441b23a409', 2, '2022-12-08 03:10:25'),
(1090, 'MUCHAMMAD EDO FIRMANSYAH', '0062572451', '36cd1f83e6a7fbca648e9f6444c41d0c', 2, '2022-12-08 03:10:25'),
(1091, 'Muhammad Aldi Saputra', '0074565972', 'c2ba2a2786d12237281d13e7614006d9', 2, '2022-12-08 03:10:25'),
(1092, 'MUHAMMAD ANANG ROFIKI', '0061567986', '6d89cf6be0d21e0e3258d175418c7e0c', 2, '2022-12-08 03:10:25'),
(1093, 'Muhammad Fariz Badrud Tamam', '0071895788', 'd8f511885ddacc21921c8f459e84df13', 2, '2022-12-08 03:10:25'),
(1094, 'Muhammad Rifkiyadi', '0051228415', '2fe12cbb07ce1a8cd29ece4665df403c', 2, '2022-12-08 03:10:25'),
(1095, 'Muhammad Syahrul Khoiri Al-firlana', '0071710361', '08388f76e18e9c5f69e2396e74257e9f', 2, '2022-12-08 03:10:25'),
(1096, 'OLGA FURRY GABRIELLA', '0075660285', '0d0968aa12b15b9f2deed3a0f2d7081f', 2, '2022-12-08 03:10:25'),
(1097, 'Rico Juniar Fransisco', '0063965636', '07adf1b00b2f5247fc126e916f2e91f9', 2, '2022-12-08 03:10:25'),
(1098, 'Rifa', '0078501677', 'b50adf8a905723ade5140386276ad13f', 2, '2022-12-08 03:10:25'),
(1099, 'Royhan Firdaus', '0059945068', '4e9b77d84319e12251fe7de50d1580f4', 2, '2022-12-08 03:10:25'),
(1100, 'Shafa Natasya Azhara Putri', '0075177489', 'ea2fdfdf523afceb67cea7ed2bb9e652', 2, '2022-12-08 03:10:25'),
(1101, 'SULISWATI', '0052800800', 'ed0b07c9b0d21a73f0c19f6fe6df8d6f', 2, '2022-12-08 03:10:25'),
(1102, 'Wahyu Aril Firmansyah', '0067857697', '378caf965b3dee1cc2cbf5296d11870b', 2, '2022-12-08 03:10:25'),
(1103, 'Wardanis Sholihin', '0062555047', '1f065fa018bf6db8b2eab315cd66d49c', 2, '2022-12-08 03:10:25'),
(1104, 'Achmad Zakariya', '0058939578', '20b3ded520737387c18329d0496bfb49', 2, '2022-12-08 03:10:25'),
(1105, 'ADINDA LATIFA', '0063304066', '2140df8e66ee83ef5bc2cd48dd440c12', 2, '2022-12-08 03:10:25'),
(1106, 'ALVIAND DICKY RAMADHANI', '0066039178', '03d4dc9883538ee6e8bcaf59f9168dfe', 2, '2022-12-08 03:10:25'),
(1107, 'Andini Dewina Ayu Prameswari', '3072656344', '89719d0ca609cdf20280963be5f2d0da', 2, '2022-12-08 03:10:25'),
(1108, 'AULIA ARIFATUL HIKMAH', '0064599881', '4ad6b56d88074ae54fce5c3056b150e5', 2, '2022-12-08 03:10:25'),
(1109, 'Cindia Dwi Kusuma Indriyanti', '0065941839', '51eef8a35466c6f3ab5f8fa9fa7b984b', 2, '2022-12-08 03:10:25'),
(1110, 'DELA MEILANI', '0071207461', '2122a376522acd36cb310aace48a00d8', 2, '2022-12-08 03:10:25'),
(1111, 'DENDIS RAMDANI', '0074837046', 'd5ee78242960f1d035d44cd95d406ca5', 2, '2022-12-08 03:10:25'),
(1112, 'Desy Rahmawati', '0069660218', '0e3b85d2642386a782dd1635d37cf107', 2, '2022-12-08 03:10:25'),
(1113, 'GAFIN PUTRA HARYANTO SINGAL', '0074184220', '35504bbb5c824c06f2ec5108df5fc185', 2, '2022-12-08 03:10:25'),
(1114, 'Hiliatul Aulia', '0065032925', 'c18294b8f963775244ebf732b005c70f', 2, '2022-12-08 03:10:25'),
(1115, 'Intan Permatasari', '0064082129', '96313217d02f62819317473b7650f100', 2, '2022-12-08 03:10:25'),
(1116, 'Iradatus Sa\'adah', '0076089193', '51d7114a2072a0b1582e677c97667936', 2, '2022-12-08 03:10:25'),
(1117, 'Kayla Shifa Bilbina', '0073486240', 'cd76acd2d3528a5f30ac98fd08485c1c', 2, '2022-12-08 03:10:25'),
(1118, 'MUHAMMAD DIKI EFENDI', '0074308451', '7bb8d27d40adfd4af0d519d9035efa07', 2, '2022-12-08 03:10:25'),
(1119, 'Muhammad Edo Mulana', '0077627849', '6b3a24a8ae69fe9bba70d23c1e982090', 2, '2022-12-08 03:10:25'),
(1120, 'MUHAMMAD FIRMANSYAH ADITYA RASYA', '0079249995', '97f3291218e7a8a56be22629a5976822', 2, '2022-12-08 03:10:25'),
(1121, 'MUHAMMAD IRWAN MAULANA', '0079329084', 'cb819c825bec51b76ef9c59cc9af2601', 2, '2022-12-08 03:10:25'),
(1122, 'Muhammad Rezaldi Andriyanto', '0054998114', '9a8e4f170b1ce56ffa808dc0f81e10b1', 2, '2022-12-08 03:10:25'),
(1123, 'Muhammad Roki', '0053083024', '233db4e688b3b35ac65b063dc878181c', 2, '2022-12-08 03:10:25'),
(1124, 'Muhammad Ronal Zhulqifli', '0079944684', '33284d2a08ef3d6b94b34bf54d1aeb99', 2, '2022-12-08 03:10:25'),
(1125, 'Muhammad Rosidi', '0067341721', '7872a623316c84a8f25557366a2444ad', 2, '2022-12-08 03:10:25'),
(1126, 'Muhammad Umar Andani', '0073198448', 'f50a7c6902cd06c5509b570f2f6c5433', 2, '2022-12-08 03:10:25'),
(1127, 'PUTRA ZAFIRAWAN SOFA', '0084762914', '46ec6c157250882b06929cb1e1d7cecb', 2, '2022-12-08 03:10:25'),
(1128, 'RIAN AHMAD GOSALI', '0063522888', 'a76f3e613ae6f6cb4ea9ea158ff7b620', 2, '2022-12-08 03:10:25'),
(1129, 'ROBY DWI LAKSONO', '0061675438', '693df20b5bf17e3e10ec70c85b5f9353', 2, '2022-12-08 03:10:25'),
(1130, 'Shara Juone Lely Qhadafee', '0062691136', 'd6e0445578786cb1819e9c3a591aa5f2', 2, '2022-12-08 03:10:25'),
(1131, 'SHELVIA EKA SHAYIRA', '0067041142', 'c24cf1f306b6d5f8bf5f8b5466fef79a', 2, '2022-12-08 03:10:25'),
(1132, 'SHEYLA LUTFIAH', '0065000953', 'c2d6665d028defc0071fbaffb71615c3', 2, '2022-12-08 03:10:25'),
(1133, 'Siti hulwiyati', '0067957985', 'eb866f517ff234a38e28bb431d36ac64', 2, '2022-12-08 03:10:25'),
(1134, 'Teguh Suryo Prayogo', '0065616672', '7fa87e50ec5079fe63093bdc94a71dee', 2, '2022-12-08 03:10:25'),
(1135, 'WAHIDAH', '0063883723', '57a694d4c50c439dcc663a59ca5938c4', 2, '2022-12-08 03:10:25'),
(1136, 'YOGA RENGGA PRATAMA', '0075750791', 'e1f6b42c9664162f19d77c05c3b7734a', 2, '2022-12-08 03:10:25'),
(1137, 'Yustiono Tri Prasetyo', '0062179881', 'a799dd82aae86026dc6677a4ee212cd9', 2, '2022-12-08 03:10:25'),
(1138, 'AGIS INTAN NUR ARIFAH', '0089948095', 'de856ca2e11572a42e553b7035f96ae1', 2, '2022-12-08 03:10:25'),
(1139, 'Ananda Dwi Novebrianto', '0064145163', 'dd2e9a2cf68b545111f55bc6271b77b7', 2, '2022-12-08 03:10:25'),
(1140, 'Andini Maulidia', '0077398705', '0ee8e68d2239cad22f1f653524f9077a', 2, '2022-12-08 03:10:25'),
(1141, 'Aprilliia Eka Nur Aeni', '0076944999', 'db40faf84f54ee732bbe0cf80dfba8d9', 2, '2022-12-08 03:10:25'),
(1142, 'AYONG HAMDANA', '0065702349', '284ab2ff91635f7a33e9d9e7f880286f', 2, '2022-12-08 03:10:25'),
(1143, 'Fairuz Pujiarianto', '0063169854', '182290c00e8ebab4939e4babe5394899', 2, '2022-12-08 03:10:25'),
(1144, 'Fara Ayu Dwi Nurseptiani', '3069422035', 'eb7147f592167accc4a4defb52f0548f', 2, '2022-12-08 03:10:25'),
(1145, 'Fathul Bari', '3066003377', 'e39440222ae34e4268f135440503d47c', 2, '2022-12-08 03:10:25'),
(1146, 'Fawaid', '0067899388', '4d9c9f424100238ba9302b4c694f4256', 2, '2022-12-08 03:10:25'),
(1147, 'IFTAH RAMADANI', '0137190987', '5fa6a0c6add07fa6953e402081fd7438', 2, '2022-12-08 03:10:25'),
(1148, 'Ilham Arifin', '0062953755', '11c2f5f33d2eb369fa560aca6394f0c0', 2, '2022-12-08 03:10:25'),
(1149, 'Khairul Anam', '0068603009', '2f21b6c1a87f5f8bfb70981e47d73ab7', 2, '2022-12-08 03:10:25'),
(1150, 'MISYANTO', '0058959977', '918f76e0b8322572da9480aea0689ca2', 2, '2022-12-08 03:10:25'),
(1151, 'Moch. Rifqy Handika', '0069000751', '75f830342799a6a8dcfd8dde6496ae60', 2, '2022-12-08 03:10:25'),
(1152, 'Mohammad Anggi', '0061008438', 'b7a99d2fbf7a4cb6bfb65cfb02e0568f', 2, '2022-12-08 03:10:25'),
(1153, 'Mohammad Fatir Alam', '0062607677', 'a649bdfb2829d322261197a1b0faeda2', 2, '2022-12-08 03:10:25'),
(1154, 'MUHAMMAD FADIL AL AYYUBI', '0061238553', '13c794e279864c11262d8841795edaab', 2, '2022-12-08 03:10:25'),
(1155, 'Muhammad fawait', '0064259482', 'a4e691772767881a4abad0b8b475f5da', 2, '2022-12-08 03:10:25'),
(1156, 'Muhammad Ongki Kurniawan', '0062706143', 'd774e9fd72bd3a717eb654bdcfa7123e', 2, '2022-12-08 03:10:25'),
(1157, 'Muhammat Agung Nurilla', '0062004705', '8e6f08e84be6f0b9dc2bdc06e60cea80', 2, '2022-12-08 03:10:25'),
(1158, 'Nabilah Septian Awaliyah', '0063348163', 'c5f44c04319ec3056970dcdd4f66adea', 2, '2022-12-08 03:10:25'),
(1159, 'Nur Fatya Ghina Fiersabilla', '0076779395', 'fbb1f67b51625be72150cd6a26fb632f', 2, '2022-12-08 03:10:25'),
(1160, 'Nur Zahira Malindo', '0079757047', 'b8f79790392200061af0229196cd397a', 2, '2022-12-08 03:10:25'),
(1161, 'Reza Sultan Hakim', '0079958738', '4436d814440bcc979427c1cb09d20b77', 2, '2022-12-08 03:10:25'),
(1162, 'RICO YUNAN ZAKI AGUSTINO', '0063444974', 'b55caa97996486d91b7ecbda9859fe4d', 2, '2022-12-08 03:10:25'),
(1163, 'RIO ARDIANTO', '3075651007', '6c6c93430b4d58080bda9be7c7680efb', 2, '2022-12-08 03:10:25'),
(1164, 'RISKA DAMAYANTI', '0064248947', '5b2c2e6ac0e418798a0a7d1dc45a82e3', 2, '2022-12-08 03:10:25'),
(1165, 'SEPTI WINDA AYU', '0062858671', '79aff186dd140ce8104b4183497644dd', 2, '2022-12-08 03:10:25'),
(1166, 'Tantri', '0079737029', 'de8a31df7604d70d6224f72c629c0d7e', 2, '2022-12-08 03:10:25'),
(1167, 'Velan Afilia Putri', '0064927167', '51aca3b84c99e3e4de55d1a62ae89efc', 2, '2022-12-08 03:10:25'),
(1168, 'WULANDARI', '0067205288', '835fa903f71cf5bc3a72463af6e3ab33', 2, '2022-12-08 03:10:25'),
(1169, 'YOFANDHIKA TEGUH DEONANDA', '0061052010', 'b7043032c90989b5e467640b9d4ab55a', 2, '2022-12-08 03:10:25'),
(1170, 'Yuliana', '0051504676', 'ce0432dc60cab09625a6a475de927f8b', 2, '2022-12-08 03:10:25'),
(1171, 'YUNITA NOVIKA PUTRI', '0077256980', '0041204dbf6326470803a37cb2fe6158', 2, '2022-12-08 03:10:25'),
(1172, 'Abdillah Husein Ramadhani', '3040191743', '49c5890ef6421061efab4b1b7b45818c', 2, '2022-12-08 03:10:25'),
(1173, 'AGUSTIN INTAN PURNAMASARI', '0063064794', '9d6f2b84480d77d765ad9146dad2e423', 2, '2022-12-08 03:10:25'),
(1174, 'AHMAD ZAINUR ROSI', '0044636423', '930336c1140e04624faf446236d356a0', 2, '2022-12-08 03:10:25'),
(1175, 'Aiereey Zool Shah B Zulkufli', '3045599901', '72b72986d39d92cc37433c454b4de499', 2, '2022-12-08 03:10:25'),
(1176, 'ALDIO SYAHBANA', '0066684341', 'aa888fcbdb075f39dcc0ab79f1a88ea0', 2, '2022-12-08 03:10:25'),
(1177, 'Amilia Puspita Sari', '0069804236', '696a020ddb3686c46838e1bb42fd148c', 2, '2022-12-08 03:10:25'),
(1178, 'Arifki', '0061451904', '22e19e508939d5a19c9e3476334a3d97', 2, '2022-12-08 03:10:25'),
(1179, 'Damai Islamiah', '0085515724', '2ff2a97031075c08ff49cbe78df51249', 2, '2022-12-08 03:10:25'),
(1180, 'FAIZAL BAGUS SAPUTRA', '0061030366', 'd2778a68950f80b4b571cf399449dc35', 2, '2022-12-08 03:10:25'),
(1181, 'Fakih Agus Setiawan', '0072995992', 'ce0f659691c2d7de13db60d8ad8ab85d', 2, '2022-12-08 03:10:25'),
(1182, 'Lutfi Sandi Prabowo', '0033781073', '13ec2420c708838a3450990967c84b47', 2, '2022-12-08 03:10:25'),
(1183, 'Mochammad Zainur Rosiqin', '0064415615', '3f1eb9597aec39535ce676ce2d6a5119', 2, '2022-12-08 03:10:25'),
(1184, 'MUHAMMAD ANDRIYANSYAH', '0036663910', 'dffda55d926ace49169728202604acfd', 2, '2022-12-08 03:10:25'),
(1185, 'Muhammad Jalaluddin Ridwan', '0068374323', 'db8f2cea97c703896b269fcf6eb3290c', 2, '2022-12-08 03:10:25'),
(1186, 'MUHAMMAD RAMADANI', '0055799516', 'dd966cd345f5b9bb67384c904ff9801b', 2, '2022-12-08 03:10:25'),
(1187, 'Muhammad Virgo Saputra', '0077128029', 'bd120419692e009076361e9fc04ae0cc', 2, '2022-12-08 03:10:25'),
(1188, 'Nurul Huda', '0061718617', 'cfffd04465d1c7e0ee225b9ad55dc48d', 2, '2022-12-08 03:10:25'),
(1189, 'Rifkia Ramadani', '0069797060', '8b688ba33fd50f4f94c42763c971e797', 2, '2022-12-08 03:10:25'),
(1190, 'Rivaldi', '0077949878', 'ab949bba980ec45324ca9afeb2a07334', 2, '2022-12-08 03:10:25'),
(1191, 'Royyid', '0058300475', 'e1d5cc3c63cf79ef70c155f7a84a3b2e', 2, '2022-12-08 03:10:25'),
(1192, 'Safitri', '0063472387', '802f10d90abf31850d8239eb6a7219b9', 2, '2022-12-08 03:10:25'),
(1193, 'Shoba Vristania', '0062320199', '72b5ecaaccd6a6180fc26f377e4dc68b', 2, '2022-12-08 03:10:25'),
(1194, 'SILFIA HANDAYANI', '0069359321', '2ccb16308c8445c31298935d148e2e4a', 2, '2022-12-08 03:10:25'),
(1195, 'Syafiah Khairunnisa Agustin', '0084072258', 'b2c54cbace0f75ade74fde8370acfcce', 2, '2022-12-08 03:10:25'),
(1196, 'Tahus', '0072535662', 'b256db09446021e52e3a03aa36973129', 2, '2022-12-08 03:10:25'),
(1197, 'Velanda Chelsi Auliandika', '0064227573', '030401cc4c8f084684bc528ebc251334', 2, '2022-12-08 03:10:25'),
(1198, 'William Ridwan Gosali', '0064175968', '9204d44f3fbb61854ee5763b80b63871', 2, '2022-12-08 03:10:25'),
(1199, 'Yuda Febriyanto', '0068341172', '4eb4ab4ca41d6b69c48583f42276b648', 2, '2022-12-08 03:10:25'),
(1200, 'Ahmad Dani', '0078681994', '62ce5cfc04bb9280ad43309baa35e6b1', 2, '2022-12-08 03:10:25'),
(1201, 'Ahmad Gear Nova Pradana', '0062615465', '85579eb172a965754260deefc1ccf824', 2, '2022-12-08 03:10:25'),
(1202, 'Aldi Fenandi', '0063590582', 'b5903aaa574cf88ccf2075730a2ec2f1', 2, '2022-12-08 03:10:25'),
(1203, 'Desti wulandari', '0087772146', '81184d7c9e35ff041ae8551d98f56af4', 2, '2022-12-08 03:10:25'),
(1204, 'DIKI PRADANA', '0068164443', '5fc4d7b8f5cdbb84269287963d1414d8', 2, '2022-12-08 03:10:25'),
(1205, 'Fara Hida', '0069131126', 'fbbbec1499d92c24e275f25f0cb603b3', 2, '2022-12-08 03:10:25'),
(1206, 'Irfan Iswandi', '3030150400', '4366f774005d57176372b37f2e1e05dd', 2, '2022-12-08 03:10:25'),
(1207, 'JHENIA ELIANA FRANSISKA', '0055101093', 'b01a7a7bad99b09d75b6f90d20b90dfc', 2, '2022-12-08 03:10:25'),
(1208, 'Kirani Agustin', '3075909790', 'b7e3b7ed10321fd4d0459c1e7a692c39', 2, '2022-12-08 03:10:25'),
(1209, 'M. Gufron Maulana', '0074741562', 'c60e851ab319b547f2a754f51268e155', 2, '2022-12-08 03:10:25'),
(1210, 'MAULIDATUL RISQIAH', '0016804299', '1c65f3aa90d51f4a89ad79525a707957', 2, '2022-12-08 03:10:25'),
(1211, 'Mohammad Agusta', '0061069226', '5db4a1b7d20948e99ac8b32b7d827f6e', 2, '2022-12-08 03:10:25'),
(1212, 'Mohammad Hepi Ramadani', '0061927647', '3b005de66d5c958c51463b9050ab1946', 2, '2022-12-08 03:10:25'),
(1213, 'Mohammad Iqbal Khairul Anwar', '3076917731', '8882660dbab36e54c4771fc1dd23dcab', 2, '2022-12-08 03:10:25'),
(1214, 'Mohammad Mega Yohana Putra', '0078021590', 'afc5cd17b7c5d953d3631ee2f74362be', 2, '2022-12-08 03:10:25'),
(1215, 'Muhammad Labib Arrahman', '0061570585', 'ce61399ba8c9460d9d5db6f53566af1d', 2, '2022-12-08 03:10:25'),
(1216, 'MUHAMMAD NABIL FAHMI', '0061085153', '4922e57e2eec2bc156f4f64753d43c9f', 2, '2022-12-08 03:10:25'),
(1217, 'Muhammad Rifki Hidayatullah', '0075005524', '4c720b270f52de9223aee34842d71ba7', 2, '2022-12-08 03:10:25'),
(1218, 'Natalia Risa', '0068935665', 'f070909b6de88ecc6ac934cdd102d78b', 2, '2022-12-08 03:10:25'),
(1219, 'NOVAL ARIFANDI', '0061461475', '72c6aa069b5e6edbbd1fef9127297258', 2, '2022-12-08 03:10:25'),
(1220, 'Oktavian Fitriana', '0065264609', 'a8b8be4a3f4912a4407c7020ab3b399f', 2, '2022-12-08 03:10:25'),
(1221, 'Reynaldi Alief Prasetya', '0078092546', '876abedaaa71a46343436c0737edd3c0', 2, '2022-12-08 03:10:25'),
(1222, 'Rizki Fajar Rahman', '0074628226', '4b0d06fd5389b2bf3e54eab6a415e8ff', 2, '2022-12-08 03:10:25'),
(1223, 'ROMI HIDAYATUL KHOIR', '0068489034', '94b0fe4d90a440a097cca6f6735e5031', 2, '2022-12-08 03:10:25'),
(1224, 'Santoso', '0052241947', '9d2f1b930458bec674a976aa0196b38f', 2, '2022-12-08 03:10:26'),
(1225, 'Septian Bayu Winata', '0069405780', '5475debdade03680cfcf6ee3b0ceb371', 2, '2022-12-08 03:10:26'),
(1226, 'Shela Romla', '0053982052', '04a54b51c89147256c0cc968465057e4', 2, '2022-12-08 03:10:26'),
(1227, 'SITI NUR LAILATUL BADRIYA', '0074327080', '1e3435b571d2f6e5a2403557e85bb5e8', 2, '2022-12-08 03:10:26'),
(1228, 'Usman Andika', '0079635061', 'dab108a258334ebcbe85a5718020bede', 2, '2022-12-08 03:10:26'),
(1229, 'ADE IRAWAN', '0051829597', 'f0385d8499cb33c74e1c9c6322c5d9ef', 2, '2022-12-08 03:10:26'),
(1230, 'Ahmad Adib', '0056701881', '744e2009053501a28ab7c32a1dc5c104', 2, '2022-12-08 03:10:26'),
(1231, 'Ahmad Kurniawan', '3068395053', '07ea32eb69a91813c89445424ae6c764', 2, '2022-12-08 03:10:26'),
(1232, 'Alfiana', '3054808922', '6eb1e0400ad4e149c6e5ce96a6752402', 2, '2022-12-08 03:10:26'),
(1233, 'BAHRUL ULUM', '0068707735', 'be1683d380225e279784b4035cd5e34c', 2, '2022-12-08 03:10:26'),
(1234, 'Eva Agustin', '0056110244', '2f41757c17613118ec784cca4a95ee37', 2, '2022-12-08 03:10:26'),
(1235, 'FEBRIYANTO', '0079702034', '1d06a3992fad54cc9d6990d81ce5416b', 2, '2022-12-08 03:10:26'),
(1236, 'HARIS', '0043705025', '42b6ef6d0002f9725b769279c86627cf', 2, '2022-12-08 03:10:26'),
(1237, 'MELI NUR WASILA', '0058964081', '1b50b0ad27fc01393dd7604eb23900d3', 2, '2022-12-08 03:10:26'),
(1238, 'Mohammad Iklil Alifil Ridhotullah', '0054204218', '1bdb4474ab2dc61e07dc6079667ec8f4', 2, '2022-12-08 03:10:26'),
(1239, 'Muhammad Bebun', '3054802625', '85e7294e6ed26d24402928ccf7e1f9a2', 2, '2022-12-08 03:10:26'),
(1240, 'Muhammad Ega Priyono', '0065239966', 'cb5c44e2d5f826824a40c57bbc1be301', 2, '2022-12-08 03:10:26'),
(1241, 'Nadia Ayu Safitri', '0057022843', '5f4e0bab8a3d1a588cfb6a46ca757251', 2, '2022-12-08 03:10:26'),
(1242, 'Novel Santoso', '3053081596', '3fcc190408dffcbe269b267a2aa8803f', 2, '2022-12-08 03:10:26'),
(1243, 'Rio Widianto', '0069618180', 'e3463a74069c7c49dd075df3b8514a2d', 2, '2022-12-08 03:10:26'),
(1244, 'SAKILA FEBRI YUANITA', '0064689815', '8c5c4c361e2dcb24c057cdafea9d10e5', 2, '2022-12-08 03:10:26'),
(1245, 'SUBRIANTIKO', '0056181986', '0d10e60c0c2bf0f60b7ec0882bb6b970', 2, '2022-12-08 03:10:26'),
(1246, 'SYAHRIR ROYHAN', '0054321076', 'e0c093d8372947fba55f701e036ba298', 2, '2022-12-08 03:10:26'),
(1247, 'Uswatun Hasanah', '0072673687', '76214f97bdd27c683504205e39db0d67', 2, '2022-12-08 03:10:26'),
(1248, 'Agil Duwi Yulianda Ridho Putra', '0046109668', '5b5f9c1b865d0025a4c6c4c3b8ba7405', 2, '2022-12-08 03:10:26'),
(1249, 'AHMAD REZA ARDIANSYAH', '0057394812', '7712657fa62b1eae79e8c82def864711', 2, '2022-12-08 03:10:26'),
(1250, 'Ahmad Zidqi Rofa\'il', '0054414928', '1ac97a7f288ac834b3484fb3967b1647', 2, '2022-12-08 03:10:26'),
(1251, 'Alfiana Rosida', '0054526206', 'b12e8b5567a29bad3f033e269bc91abe', 2, '2022-12-08 03:10:26'),
(1252, 'Aliyatul Hasanah', '0054766143', 'f06e96536212ed5b53f9f0e85cfec2ea', 2, '2022-12-08 03:10:26'),
(1253, 'AYU WULANDARI', '0062195110', 'b2b8db6842939da5896b977a15dda6bb', 2, '2022-12-08 03:10:26'),
(1254, 'Bagus Hidayat', '0048301199', '77b6ea388407bab373eada51ae1e31a4', 2, '2022-12-08 03:10:26'),
(1255, 'Dicky Indra Saputra', '3042379485', 'c4318a3c9174b0bc756dc537907aa2f3', 2, '2022-12-08 03:10:26'),
(1256, 'Erfan Hadinata', '0054143107', '9ae4dbbdb76588bb3f6adefc764e83c1', 2, '2022-12-08 03:10:26'),
(1257, 'Jufron hadi', '0066207798', '4c234148f4eb84948c845c3560e3bd86', 2, '2022-12-08 03:10:26'),
(1258, 'LUTVIANA ULFA', '0064256423', '459a4be1d680ea5071266131c9ac00d1', 2, '2022-12-08 03:10:26'),
(1259, 'Mohammad Septian Yuda Pratama', '0049443964', 'db66e9320568396346fcfa966fa22e7c', 2, '2022-12-08 03:10:26'),
(1260, 'Muhammad Alfani', '0062729020', '47c450477923ee551c422d65c7606fad', 2, '2022-12-08 03:10:26'),
(1261, 'Muhammad Galang Firzatullah', '0069530245', '6fc4a41770815977da7a01d0514b32fe', 2, '2022-12-08 03:10:26'),
(1262, 'Nabila Dwi Ferbiyanti', '0073726733', '52d9230e0f803fa1eabea9e7a1fd87c5', 2, '2022-12-08 03:10:26'),
(1263, 'Sandra Hafira', '0056447765', 'f5b1633a3a7a0a174cab48bfda761faf', 2, '2022-12-08 03:10:26'),
(1264, 'SELVIANI', '0056242503', '2b6e0c27c1b0ef52ac828a4834ecf6b5', 2, '2022-12-08 03:10:26'),
(1265, 'Sofi Nofita', '3059245307', '26a5505f7a3ba5191dd3929f475a502c', 2, '2022-12-08 03:10:26'),
(1266, 'TRIVENA MANASYE DARSONO', '0058379434', 'fd629cd4963dbd26bdda8bda99bf4007', 2, '2022-12-08 03:10:26'),
(1267, 'Wahyu Rhomadani', '0041309946', '7c351f01923687881fb6607b14a8f3e3', 2, '2022-12-08 03:10:26'),
(1268, 'Achmad Gufron', '0064030197', '4d275ce11034e03201d54e7d5d938e38', 2, '2022-12-08 03:10:26'),
(1269, 'Adinda Ira Ramadhani', '0049094305', '2a2ae2d77b48fbecda4ef7059323bf0c', 2, '2022-12-08 03:10:26'),
(1270, 'Aditya Ragiel Oktavian Junior', '0066457491', 'a720ba4bdc835d28365b8a1d79dac0d7', 2, '2022-12-08 03:10:26'),
(1271, 'Aditya Septiyan', '3044273348', '24352edaa74235088a32989be995212d', 2, '2022-12-08 03:10:26'),
(1272, 'ADITYA SOFAN EFENDI', '0058325410', 'bdef82e5ff63519c7c56dcbd45f87bcd', 2, '2022-12-08 03:10:26'),
(1273, 'Ahmad Dani Saputra', '0079812590', 'dbea903598b2c490c347f8b4d9a82fb4', 2, '2022-12-08 03:10:26'),
(1274, 'AHMAD HAMBALI', '0044224304', '2ad7d277cd63c575b0c0274c9e0be55e', 2, '2022-12-08 03:10:26'),
(1275, 'AHMAD IRGI RAMA DANI', '0049859712', '4334fb7295c399c7f03b8e658567a871', 2, '2022-12-08 03:10:26'),
(1276, 'Ahmad mutawaqil', '0066142985', 'eb951eccb4ebb3f69e59389c3cee4d57', 2, '2022-12-08 03:10:26'),
(1277, 'Ahmad Rifki', '0053893489', '7f57a3575bf6ab97154d27c49c7c3147', 2, '2022-12-08 03:10:26'),
(1278, 'Ahmad Sofyan', '0068877646', '42f93a854f38a23f93158f3399a5392e', 2, '2022-12-08 03:10:26'),
(1279, 'AHMAD TAUFIKI', '0057338883', '0d7221b3b1dfdc3bc26675996bb6aa71', 2, '2022-12-08 03:10:26'),
(1280, 'ALDO FANDI HERMANZA', '0052429347', 'd18843cb1819260fc1696398067f527a', 2, '2022-12-08 03:10:26'),
(1281, 'alfin ramadani', '0048694393', 'f3d1b1a31c3e4bfe328bf2e50fdea3b6', 2, '2022-12-08 03:10:26'),
(1282, 'Andika Andreawan', '0065260127', '01b78e7824924f163ed884ea5020d15a', 2, '2022-12-08 03:10:26'),
(1283, 'ANISA TRI WULANDARI', '0057192639', 'aa426a06b84de75d4e685ebf9d904ab7', 2, '2022-12-08 03:10:26'),
(1284, 'ANWAR SAPUTRA AAN', '0054470770', 'e92ef4a630c6383ebf6b9a53f0644017', 2, '2022-12-08 03:10:26'),
(1285, 'Asriani', '0058994721', '911195942135c7c541a19b4b5df0c889', 2, '2022-12-08 03:10:26'),
(1286, 'Bagus Febrian Purnama', '0051726461', '18c6d365524722af2f4eea8fa06c5816', 2, '2022-12-08 03:10:26'),
(1287, 'BAGUS TRY SETIAWAN', '0058356091', '4bcc2e10fdc78b20fee386277ff99b7f', 2, '2022-12-08 03:10:26'),
(1288, 'BELA DEWI ALISA', '0066512571', 'bf39abaa40a3299bf1ee5b7168c3fa09', 2, '2022-12-08 03:10:26'),
(1289, 'Cici Agustarika', '0069789475', 'fb00d6122860c137f219e4140253caf1', 2, '2022-12-08 03:10:26'),
(1290, 'Deby Kumala Sari', '0059760091', 'a817dba6892dbf866fcff00154fd0ba0', 2, '2022-12-08 03:10:26'),
(1291, 'DEDEN JIDAN HENDRAWAN', '0052850059', '31d7185a2f2841dd79eca1eba4c11eca', 2, '2022-12-08 03:10:26'),
(1292, 'DELA AGUSTIA', '0054100753', '52d901ecae04a4478da9e366714b2001', 2, '2022-12-08 03:10:26'),
(1293, 'Dessi Nurfitasari', '0054995907', '61da319ac65dfb339b2e52baac04aafe', 2, '2022-12-08 03:10:26'),
(1294, 'DIKA CANDRA SAPUTRA', '0053578398', '202d05a64843f9a848b209b1411b2e65', 2, '2022-12-08 03:10:26'),
(1295, 'Farid Saiful Jamil', '0048421979', 'a1c389498df6726375c7b1f8d727fec3', 2, '2022-12-08 03:10:26'),
(1296, 'Febri Helprayoga', '0051380889', 'cd3680d5485d7b6a36e9d167e99c46cb', 2, '2022-12-08 03:10:26'),
(1297, 'MUHAMMAD DENDY ILHAM WAHYUDI', '0069136802', '4d9f62cb7e6193331cd8e64c03a0faf3', 2, '2022-12-08 03:10:26'),
(1298, 'Muhammad Rifki Mahendra', '0046840881', '4b74ba818fa4e744e77cb04574f0b4a3', 2, '2022-12-08 03:10:26'),
(1299, 'MUHAMMAD WAHID FARHAM BAQI', '0054934719', '9ccdba558bf6df6e61ef02af9f6b3af5', 2, '2022-12-08 03:10:26'),
(1300, 'Riko Fermansah', '0042943614', '3399784d6288953e2e1669db2ee26996', 2, '2022-12-08 03:10:26'),
(1301, 'Dina Meilia', '3078927608', '05a81f417dd83ddbbbb84bbbfd6242a7', 2, '2022-12-08 03:10:26'),
(1302, 'DINDA AYU DAMAYANTI', '0067424331', '0d78038346b3b33e457fcc018e0186e6', 2, '2022-12-08 03:10:26'),
(1303, 'ELISA DWI ANANTA KIL', '0075336074', 'e7bc70bdafb7df717722f56f8259e4ec', 2, '2022-12-08 03:10:26'),
(1304, 'Elmi Muvida', '0052896285', '123e0d7ea079cad5976f5a655f62654b', 2, '2022-12-08 03:10:26'),
(1305, 'Faiqotul Jannah', '3042782753', '3fc541ea743bc636f349ecc854263fb5', 2, '2022-12-08 03:10:26'),
(1306, 'Ghufron Ali Firmansyah', '0046975726', '7d33967fdb7a52dc6d4a56b0aa40c180', 2, '2022-12-08 03:10:26'),
(1307, 'Gita Ratna Sari', '0054367565', 'ba49a86a5870bb466da14ed5a5ca2932', 2, '2022-12-08 03:10:26'),
(1308, 'HAFILUL KHOIR', '0048820047', 'cd78315b364397be19a52f696fd62cc4', 2, '2022-12-08 03:10:26'),
(1309, 'HENDRA ADI PRAYOGA', '0051392852', '13bf3c507b18dd47dab940c2e7c2510a', 2, '2022-12-08 03:10:26'),
(1310, 'Iklil Farhan Mukhalladun', '0063888231', 'a3307dd723e6f8eb4bb52e6d8c332e65', 2, '2022-12-08 03:10:26'),
(1311, 'Irwanto', '0058608395', '62f7c1b0e06bbb9deb9c9646c98258b9', 2, '2022-12-08 03:10:26'),
(1312, 'JUNAIDI ABDILLA', '0068482291', '5c943979e289ad09a8de9f03c9ed6aa0', 2, '2022-12-08 03:10:26'),
(1313, 'LEONIEL MEYZIE', '0054229588', '5e4cfabd34d4837fe3315c8e398aae28', 2, '2022-12-08 03:10:26'),
(1314, 'M. FARIS ILHAM SAPUTRA', '0061294275', '37b46c1c5aecce2d43f252e1eebcaa94', 2, '2022-12-08 03:10:26'),
(1315, 'MAESYA FIRNANDO', '0051152699', '74876aaf9c6afcbaca0e691c9dd417db', 2, '2022-12-08 03:10:26'),
(1316, 'Miftahul jannah', '0056591415', 'ee1e804e49fd7c72b5ac310fcdbc8fa7', 2, '2022-12-08 03:10:26'),
(1317, 'Mochammad Ariel Arifin', '0056089779', '5c175319957b1b15b20019b1ae7d30ce', 2, '2022-12-08 03:10:26'),
(1318, 'mochammad noval eka saputra', '0052663474', '69edd6304c7e4aaf10b95710dfdafdfb', 2, '2022-12-08 03:10:26'),
(1319, 'MOCHAMMAD NURUL', '0041948468', '70e7435683271ee54f0a24cba8be79e4', 2, '2022-12-08 03:10:26'),
(1320, 'MOH. TAUFIK', '0066937535', 'c4591b062cf869fec2e166e204270e71', 2, '2022-12-08 03:10:26'),
(1321, 'Mohammad Abil Septiawan', '0055846286', '4378ee23eb224840af0a9b7bb81108b9', 2, '2022-12-08 03:10:26'),
(1322, 'Mohammad Al Farisi', '0063247733', '4a6e7e2618b481057a458cf513113bec', 2, '2022-12-08 03:10:26'),
(1323, 'MOhammad Al Farizi', '0062000104', 'f355ecd6dd7e8563feac0cf63d06e397', 2, '2022-12-08 03:10:26'),
(1324, 'Mohammad Bahrul Kamil', '0068133746', 'e2438fd6781e6a0779b9204c6aed74f6', 2, '2022-12-08 03:10:26'),
(1325, 'mohammad daneal baliya', '0052218095', '4db415ea0ce8ad4f64fca9ee99ac659e', 2, '2022-12-08 03:10:26'),
(1326, 'Mohammad Davis Syurur', '0055221622', 'f3bf2efa9cd098c7f67ea0d8bd8e7438', 2, '2022-12-08 03:10:26'),
(1327, 'Mohammad Doni Raditya', '0059800173', 'a45c1329a69f263676ad2f4959fb2761', 2, '2022-12-08 03:10:26'),
(1328, 'MOHAMMAD ROKY', '0056932837', 'ca35068cae4ddad238fc046c7bb13a2f', 2, '2022-12-08 03:10:26'),
(1329, 'Mohammad Sofan', '0058832434', '52ba91be506b39cf76348b54105572f7', 2, '2022-12-08 03:10:26'),
(1330, 'MUHAMMAD AFIFUL GHAFILIN', '3061250455', '406f2145f3c62e9d3671fe6ff638d2df', 2, '2022-12-08 03:10:26'),
(1331, 'Navila Fitriatun Ramadani', '0057923909', '229f9688f9d61340270d143ae654b229', 2, '2022-12-08 03:10:26'),
(1332, 'Nita Purnamasari', '0061348545', '0c21751e15ef99af18706cc89fcf5144', 2, '2022-12-08 03:10:26'),
(1333, 'Nur Fadilah', '0062901054', 'e29348a0c95519c7b1f17d1c41dc0ac6', 2, '2022-12-08 03:10:26'),
(1334, 'ROYHAN', '0055733207', '1f84bffbaba7f44dedcbe09f35952f36', 2, '2022-12-08 03:10:26'),
(1335, 'Adi Saputra', '0051813544', '6e397df41a0bcc7677f2dc0d0e0b3379', 2, '2022-12-08 03:10:26'),
(1336, 'Aditiya', '0052212428', '3f99ac3d392865e529bdb3b3f1d982c1', 2, '2022-12-08 03:10:26'),
(1337, 'Agil Muhtar', '0069261704', 'd2a9ffb3375e6b026b95775fc2f54253', 2, '2022-12-08 03:10:26'),
(1338, 'Desi Ratnasari', '0054329515', 'bc385d71b7353028aab6e41d3a0dd731', 2, '2022-12-08 03:10:26'),
(1339, 'Mohammad Hafid', '0057804357', '701560e86c64e5bccbb52c8a2299cd81', 2, '2022-12-08 03:10:26'),
(1340, 'MUHAMMAD FIRMAN', '0056720325', 'd3fab1f5288f4c6fa10560f625c1a844', 2, '2022-12-08 03:10:26'),
(1341, 'Muhammad Jamal Luddin', '0058316335', '6d90da83b61eef8b03e9f2f9dd864722', 2, '2022-12-08 03:10:26'),
(1342, 'Muhammad Ridho Noval Prayoga', '0057581740', 'aa398fdd25c7966d83b7a2b489f86d21', 2, '2022-12-08 03:10:26'),
(1343, 'Muhammad Syahril Rofiqi', '0063866429', '938ebddce1555eb4e3a27cfb0020a1b4', 2, '2022-12-08 03:10:26'),
(1344, 'Nofal Prayitno', '0052753175', '4447978e964e2e03a6d140de350689bb', 2, '2022-12-08 03:10:26'),
(1345, 'Nurdinasari', '0073191403', 'f062dd94b275c37b07d6c2ce3100bb01', 2, '2022-12-08 03:10:26'),
(1346, 'RAMADHONI SOBRIANTO', '0063036623', '1eba8382734f9750e32358d38d70b0c0', 2, '2022-12-08 03:10:26'),
(1347, 'Retno Ayu Ambar Sari', '3061187767', '4761c03387aaa0a846eb5671cf838cca', 2, '2022-12-08 03:10:26'),
(1348, 'RICHI DWI MARTIN', '0054540035', 'b47ffcf3b84d2d5ab37892e35f24ae24', 2, '2022-12-08 03:10:26'),
(1349, 'RISKIANA', '0066196862', 'ed5122c41116767f28a7a1be2bd83ded', 2, '2022-12-08 03:10:26'),
(1350, 'RIZAL BAKRI ROMADHON', '0037681884', '8d915d304136732417ad0fa94ecf857b', 2, '2022-12-08 03:10:26'),
(1351, 'ROBI IMAM SAPUTRA', '0055527028', 'cc670f280e7bcc3e178bb4da799f7e86', 2, '2022-12-08 03:10:26'),
(1352, 'Robin Kardiansyah', '0061830580', 'aed37f2e19ded609728b3655df8a4fad', 2, '2022-12-08 03:10:26'),
(1353, 'Rosalinda', '0067794778', '6b77453d83aec590cac30c6882e9085d', 2, '2022-12-08 03:10:26'),
(1354, 'Saini', '0068779595', '419c1a24a9e49877074dc479b6834aab', 2, '2022-12-08 03:10:26'),
(1355, 'SITI AMALIA', '0064322283', '52edd9feaaa2c71602807e03da151898', 2, '2022-12-08 03:10:26'),
(1356, 'Sobri Abdul halim', '0049650607', 'a7597c6124df63e1408bb5c351c89f86', 2, '2022-12-08 03:10:26'),
(1357, 'SRIFA WULAN MAULIA', '0061508702', '886ab3779b49a10e166cfd39df19ff17', 2, '2022-12-08 03:10:26'),
(1358, 'Sukron Umami', '0044248630', '40ec03b35c8fce409ba21dc24c99dd70', 2, '2022-12-08 03:10:26'),
(1359, 'Supriyadi', '0048016636', '36cfb4d87b4fb7890b8d4468838cec40', 2, '2022-12-08 03:10:26'),
(1360, 'TRIAWATI', '0057151321', '5474210d44077531cba6fc4076069508', 2, '2022-12-08 03:10:26'),
(1361, 'Umar Faruk', '0052069633', '5b878f7a9effea1d5cec6617cdb958a1', 2, '2022-12-08 03:10:26'),
(1362, 'YOLANDA ROSALINA FEBRIANA', '0056925622', '16f2f0d10fa4cfc3e58d7afabd7650d0', 2, '2022-12-08 03:10:26'),
(1363, 'Yuli', '0057501878', '03613f62a47ba544c673876dfcd99c15', 2, '2022-12-08 03:10:26'),
(1364, 'ZAIHUL IMAM', '0059467198', '154a734c04dfa451f2af6a42e222eaeb', 2, '2022-12-08 03:10:26'),
(1365, 'ABDURAHMAN AFANDI', '0056245803', 'ba0418318d7a9764a78496db19983e51', 2, '2022-12-08 03:10:26'),
(1366, 'ACHMAD FAQIH', '0044571409', '5af2f75a0a9e9de4f43f1e41bc4e043b', 2, '2022-12-08 03:10:26'),
(1367, 'AHMAD HAMDI', '0057083388', 'bf1721da5a8e00c808dbd2fd2fac78b6', 2, '2022-12-08 03:10:26'),
(1368, 'ANDIKA DWI AGUSTA', '0032380008', 'e59abe2b7964084eab96a5c84cca7b97', 2, '2022-12-08 03:10:26'),
(1369, 'Chefto Defranco', '0061526449', '283242f7aba9ab55b30fdb5093cfa4ea', 2, '2022-12-08 03:10:26'),
(1370, 'Citra Lestari', '3050065933', 'd771853409f87cb88c2c78275d84e9a0', 2, '2022-12-08 03:10:26'),
(1371, 'Divan Yasiddik', '0057740801', '5f2ba14d1782442e4fc70d4a8e7f597e', 2, '2022-12-08 03:10:26'),
(1372, 'DWI AYU FAHRUL FEBRYANTI', '0051814597', '6bfd89cc71613282e70646327e36398a', 2, '2022-12-08 03:10:26'),
(1373, 'Fathor Rosid Ahmadani', '0054686198', '372f94b06db3bb97f43e2fae9a286130', 2, '2022-12-08 03:10:26'),
(1374, 'FERIYANTO', '0084929511', '60ab610f23ab6bd26c3c9906cde3bb44', 2, '2022-12-08 03:10:26'),
(1375, 'IMAM MAULADI SAPUTRA', '0058917143', '37ed6505f70d729015e4a0bc9b1fcef8', 2, '2022-12-08 03:10:26'),
(1376, 'LINDA YULIANTIKA', '0069147763', '99e122de146fa44438c7bc996d9ecd60', 2, '2022-12-08 03:10:26'),
(1377, 'Lukman Hakim', '0057453454', 'a99a4612853502644a6e71ad19af487b', 2, '2022-12-08 03:10:26'),
(1378, 'Misbahul Munir', '3060592030', 'f4813649aa0f2e38749965f5d1eb5211', 2, '2022-12-08 03:10:26'),
(1379, 'MOCHAMMAD FIKRI', '0067358833', 'e476585e1e6171902846d354a9e7c829', 2, '2022-12-08 03:10:26'),
(1380, 'Moh. Adib Abidillah', '0066777707', '8be88955cbdb24e6920da78df37a5bd5', 2, '2022-12-08 03:10:26'),
(1381, 'Mohamad Muzammil', '0052469694', 'd557ead7fe7f4f107dfc4054e4492aa2', 2, '2022-12-08 03:10:26'),
(1382, 'Muh. As\'adi Ridho As Safi\'i', '0068678234', 'de5f05094bac166cc048c71fd181fc5b', 2, '2022-12-08 03:10:26'),
(1383, 'Muhammad Angga', '0052644123', 'ee640d5bb63a071f7fbcb95fd5a48621', 2, '2022-12-08 03:10:26'),
(1384, 'Muhammad Bagus Haerul Anam', '0058963509', 'a91bfeda9b52cbcaa397543686743303', 2, '2022-12-08 03:10:26'),
(1385, 'MUHAMMAD EGY FIRMANSYAH', '0065505297', '6b4b9346feea89f6f3ef57296daea84b', 2, '2022-12-08 03:10:26'),
(1386, 'Muhammad Lutfi', '0051684725', 'a41a51e5239af4fc8a84a933048a0c07', 2, '2022-12-08 03:10:26'),
(1387, 'Muhammad Robin Ibnul Mubarok', '3061036286', 'fff86987d2efdce6577a279fb67baead', 2, '2022-12-08 03:10:26'),
(1388, 'Nadia Lailatul Qodriah', '0036807632', '94eb576303da92f5e1d7d41bc06020f2', 2, '2022-12-08 03:10:26'),
(1389, 'RENDI BIMA SATRIO', '0053104594', '7e253aeb3a91dd7852b7c4fde41b12ff', 2, '2022-12-08 03:10:26'),
(1390, 'Rifatul Hasanah', '3056287276', '93f5ec9608bb4510ac99e0c8c8e7405c', 2, '2022-12-08 03:10:26'),
(1391, 'silvi uhsiatul rohmah', '0068747158', '19a5c61a5053918e8408617e492bc8f9', 2, '2022-12-08 03:10:26'),
(1392, 'SITI AISYAH', '0068031080', '260ffc66fd98e109221eb5a7f48da0dc', 2, '2022-12-08 03:10:26'),
(1393, 'tia ramadhani', '0054425876', 'cb1c88f21d2597c7b540d5b9908f09a7', 2, '2022-12-08 03:10:26'),
(1394, 'Yoga Afandi', '0056889632', 'd9806aa4f58bf3d832b09f07dbc771bf', 2, '2022-12-08 03:10:26'),
(1395, 'ABDUS SALAM', '0051829829', '032111c816a2e109354e7a6bac330250', 2, '2022-12-08 03:10:26'),
(1396, 'AGIL RISAL HERMAWAN', '0048459664', 'bb4bd2dcf3110bea1c311e14d49398c1', 2, '2022-12-08 03:10:26'),
(1397, 'ALDO SETIAWAN', '0065027790', 'f6c609fde1fe7ac92a254e9e8c39913c', 2, '2022-12-08 03:10:26'),
(1398, 'AYU SHINTA MAHARANI', '0063310808', '5927b9783771f7799052362ce5fff7c9', 2, '2022-12-08 03:10:26'),
(1399, 'Bagus Putra Ramadhani', '0067147683', '850f69f2bdb2cd0d52ab9bdb0873f1ae', 2, '2022-12-08 03:10:26'),
(1400, 'DANI FIRMANSYAH', '0062590887', 'bacbefe5bafb5d0ada6f1f2397fe4dce', 2, '2022-12-08 03:10:26'),
(1401, 'DITA ISTYA FARIDILLA', '0068470316', 'e2ecb6ac98da207365eb6ab26555fcb9', 2, '2022-12-08 03:10:26'),
(1402, 'DWI MAULANA AS ARI', '0064317732', '40e9e480c51d0b1574e4a528c46276a5', 2, '2022-12-08 03:10:26'),
(1403, 'DWI PUTRI RAHMADANI', '0053486839', 'cf146ad30fda2f08a32e839828f35d00', 2, '2022-12-08 03:10:26'),
(1404, 'Fendi Ahzanul Habibi', '3058290176', 'a9e603c69a03f4c896923ee10b9e0f50', 2, '2022-12-08 03:10:26'),
(1405, 'jumaedi sachrilla', '0055422116', 'b635ff6def49688911fcd7a0695e408f', 2, '2022-12-08 03:10:26'),
(1406, 'M.ARIFIN', '0044813551', 'cb47881bbc1164d939f5691cfd6f5549', 2, '2022-12-08 03:10:26'),
(1407, 'MAHMUDATUL ELISAH', '0066040906', 'ab23e026a425c49227d008bfbfd0e8be', 2, '2022-12-08 03:10:26'),
(1408, 'MOCHAMMAD FAREL LUCKY HERMAWAN', '0063501993', '9131ab82cb3a80f2b5dfc74874719c35', 2, '2022-12-08 03:10:26'),
(1409, 'MOH. DWI AFRIZAL WAHYUDI', '0053357405', '10ee371a0b67eba26736dcf817a05f57', 2, '2022-12-08 03:10:26'),
(1410, 'Mohammad Fahri Ali', '0051914486', '6e7d45f30abdf97424664fcac855fb28', 2, '2022-12-08 03:10:26'),
(1411, 'Mohammad Lutfi', '0059844599', '3f310b196d30274b9bc209847a05da29', 2, '2022-12-08 03:10:26'),
(1412, 'MUHAMAD RIVQY MAULANA ILHAM', '0059516983', '3a6cb18c041f76fcaf8b397b12f77639', 2, '2022-12-08 03:10:26'),
(1413, 'Muhammad Aqil Rahman', '0052501079', 'db96a90f708527f1c580c21d484a994d', 2, '2022-12-08 03:10:26'),
(1414, 'Muhammad Dzaky Abdus Shabir Rudiki', '0059926874', 'b121759a163ff8daf929c9da228b15db', 2, '2022-12-08 03:10:26'),
(1415, 'Muhammad Oky Budiarto', '0045388806', 'c92840a4d431ebda99af345fffb57129', 2, '2022-12-08 03:10:26'),
(1416, 'MUHAMMAD WISOLUSSOLIHIN', '0041961534', '0267dcc43a882a86e6e098ac40e23970', 2, '2022-12-08 03:10:26'),
(1417, 'REVIKA ANANDA PUTRI', '0063049378', '2a77fb979d8222b3a6487bb945b84d62', 2, '2022-12-08 03:10:26'),
(1418, 'sely febi agustin', '0069986521', 'a9717244e1e5f654ee69d2dc5e6dd851', 2, '2022-12-08 03:10:26');
INSERT INTO `users` (`id_user`, `nama`, `username`, `password`, `akses`, `joining_date`) VALUES
(1419, 'SITI AISA', '0062040060', 'a8bb4aa53b601adce9b306d59726d974', 2, '2022-12-08 03:10:26'),
(1420, 'SITI HAFIFATUL NIKMAH', '0051138189', '6de9d98a078728d75ee4bfc92416afa8', 2, '2022-12-08 03:10:26'),
(1421, 'SULTAN MAJID AL FATAH', '0061376561', 'd8a90a9e4020b1ce32c7cad357768517', 2, '2022-12-08 03:10:26'),
(1422, 'Trio Agustin Bintoro', '3039769233', '233b2faa9ca75060c46963a7108d67e1', 2, '2022-12-08 03:10:26'),
(1423, 'Anisatun Kamizah', '0043820266', 'aa445e739df5e29299e5c256e22bcf27', 2, '2022-12-08 03:10:26'),
(1424, 'Ari Tolak Susanto', '0048497954', '621e24e55b4155884265f3e1f3d8c378', 2, '2022-12-08 03:10:26'),
(1425, 'Dini Febrianti', '3048083660', 'd08b46e63ae563f74f404ad8a17d1353', 2, '2022-12-08 03:10:26'),
(1426, 'Duwi Malaekasari', '3040042608', 'f231fe8030bf3dcb57d071df5eb84f5d', 2, '2022-12-08 03:10:26'),
(1427, 'IIS FEBRIYANTI', '0055697149', 'e7600dc41d1efbb3e26a710f09b2a88f', 2, '2022-12-08 03:10:26'),
(1428, 'MEILIYA AYU ELSA PRAWIRO', '0052572903', '4a8d543e00496ac56c41dec6760d843e', 2, '2022-12-08 03:10:26'),
(1429, 'Mohammad Junaidi', '0048191431', '0277dbf8839d9e042503fa4538a7828b', 2, '2022-12-08 03:10:26'),
(1430, 'Muhammad Firmanda', '0045844344', '205f25efe3fdf514d99b938cbcb7883e', 2, '2022-12-08 03:10:26'),
(1431, 'Muhammad Rofiqi Kurniawan', '0031124047', '84512bf6f62d3e0ed114d0ec69fab007', 2, '2022-12-08 03:10:26'),
(1432, 'Roby Tengku Firmansyah', '0054068709', 'b1abbb453068b3b8d9837ee8465417f2', 2, '2022-12-08 03:10:26'),
(1433, 'ADELIYA LESTARI', '0056002266', '077e29d984496a298a87adf30f9fb19f', 2, '2022-12-08 03:10:26'),
(1434, 'Ahmad Aryanto', '0059304649', '1a642b3797d502aeac255ad6501a7763', 2, '2022-12-08 03:10:26'),
(1435, 'Ahmad Faqih Agus Setiyawan', '0038787810', '07f737cb44a387910f1d9b747776b1e0', 2, '2022-12-08 03:10:26'),
(1436, 'BAGUS INDRA SAPUTRA', '0042089435', '45c737ad59ec7ea4b893383826da6441', 2, '2022-12-08 03:10:26'),
(1437, 'BAMBANG AGUS SUSILO', '0053938129', 'ba6ce09bb202c8d502c3a3b0d5117198', 2, '2022-12-08 03:10:26'),
(1438, 'David Hilman Ali', '0043441503', '88c8e610b4b3fb3ab2d7e5140097dd4f', 2, '2022-12-08 03:10:26'),
(1439, 'Dede Mochammad Riski', '0055279406', '142fe0e3fa9d6b5f37eba8ab64cdaf73', 2, '2022-12-08 03:10:26'),
(1440, 'DEWI SHINTA', '0012541633', 'f5c71578a589cef52b5ee28ef6b75c89', 2, '2022-12-08 03:10:26'),
(1441, 'DWI KARTIKA SARI', '0063694558', 'add513a1fa135f04aad2af5d458a3e0b', 2, '2022-12-08 03:10:26'),
(1442, 'Fanilia Oktavia Ramadhani', '0046191095', '79f744c43099c18f1fa3e133f04d9c59', 2, '2022-12-08 03:10:26'),
(1443, 'FIRNA NURAINI', '0062745335', '75dd2a08184dc9bb4a1db819b57184ca', 2, '2022-12-08 03:10:26'),
(1444, 'INDRA DWI KURNIAWAN', '0036324221', 'b61421e4957585816e711fe19209b390', 2, '2022-12-08 03:10:26'),
(1445, 'JASILAH', '0046030366', '209461dbc06f8d1eebcd2506fd4da410', 2, '2022-12-08 03:10:26'),
(1446, 'Lina Dwi Lestari', '0058944845', 'd006b8d2c3b92f19a80e8dae43e2b31b', 2, '2022-12-08 03:10:26'),
(1447, 'M.farel Nur Riskillah', '0055823293', '188cc86e4d95b74fc741308c373cdfe2', 2, '2022-12-08 03:10:26'),
(1448, 'Mochammad Alfian Dian Saputra', '0051879086', '5a2fdf93a0848c0ccc73b40de7471c00', 2, '2022-12-08 03:10:26'),
(1449, 'Mochammad Ali Zain', '3044193905', 'b632b04d3eb4fd5cc6eb66c1b031ec8a', 2, '2022-12-08 03:10:26'),
(1450, 'MOCHAMMAD FAHRUSI FIRDAUS', '0049512802', '9aafb95fb1f2fc97af29978e2b9e5b86', 2, '2022-12-08 03:10:26'),
(1451, 'MOHAMMAD AHSAN KHULUKI', '3043961419', 'f2e024afc372442c0d38ff02c99d5c1e', 2, '2022-12-08 03:10:26'),
(1452, 'Mohammad Imron', '0043523370', '197016dc4f24eea8bc59c29ccdb400f3', 2, '2022-12-08 03:10:26'),
(1453, 'Mohammad Rizal Taufiqurrahma.n', '3058422651', '759db935b9d1d7c59c18dc29c12b9139', 2, '2022-12-08 03:10:26'),
(1454, 'Muhammad Fauzi', '3045663955', 'c090db864778bb8c980263dabacf4e0c', 2, '2022-12-08 03:10:26'),
(1455, 'putri tera nurjannah', '0056343186', '9951bdc6c01b2669e0d55ae46bbad1fa', 2, '2022-12-08 03:10:26'),
(1456, 'Riky Fajar Adi Putra', '0082635666', 'fb5ac9bd7baac8e5512802348c04549d', 2, '2022-12-08 03:10:26'),
(1457, 'Rina Desi Setiawati', '3042113503', '11f3df5ea082631f481ae8ac851d698c', 2, '2022-12-08 03:10:26'),
(1458, 'Rindi Fatona', '3036159839', '15783a26cf676dd32c1e465be203dabe', 2, '2022-12-08 03:10:26'),
(1459, 'Rini Agustin', '3042778017', '4813d7410b016dab91aea8c26b799753', 2, '2022-12-08 03:10:26'),
(1460, 'Risky Nuryansah', '0045209852', 'e9520ee4a0bffdee5ace52116fa1562b', 2, '2022-12-08 03:10:26'),
(1461, 'Sinta Adelia', '0054626529', 'ae94b7c9381934dbac9e0ccb3184d4ec', 2, '2022-12-08 03:10:26'),
(1462, 'Solihen', '0036248789', 'f3b1ceb8988b917ede37512e4296b2b5', 2, '2022-12-08 03:10:26'),
(1463, 'SRI AMALIA FRIATUL HASANAH', '0053156116', 'b15bcb0f4cb78a99c6940d819167dab5', 2, '2022-12-08 03:10:26'),
(1464, 'TATIRANA NOVA AYU ZAKARIA', '0056222484', 'c700840ddab1c352e7d2be911e777737', 2, '2022-12-08 03:10:26'),
(1465, 'Wike Hardiyanti', '0057850649', '599c500abc664d0cf6385e85787be8dd', 2, '2022-12-08 03:10:26'),
(1466, 'Zelaturrahmah', '3040880816', '0556e39692827983881a0b0af017d157', 2, '2022-12-08 03:10:26'),
(1467, 'Abel Ferdiansyah', '0046498216', '4f29bbb044663f40dc7ecd67c2c755ef', 2, '2022-12-08 03:10:26'),
(1468, 'AHMAD BASRONI RIZAL', '0029966096', '10ac7248035de0b0360d8dbccebd6b28', 2, '2022-12-08 03:10:26'),
(1469, 'AHMAD EFENDI', '0038628718', 'c825a0769acec5c0d3556b8b1eea1d12', 2, '2022-12-08 03:10:26'),
(1470, 'Ahmad Fausi', '0052364891', '718e4dc0907a009983601ddaa50cbde6', 2, '2022-12-08 03:10:26'),
(1471, 'Alfin', '0043209103', '78d11071ea7c65cb0357da32d297ddd1', 2, '2022-12-08 03:10:26'),
(1472, 'Alif Bagaskara', '0049283259', 'c9247de0207df977887c9a0abf33c3b4', 2, '2022-12-08 03:10:26'),
(1473, 'AYU SELA FEBIYANTI', '0051262895', 'f84154da2d099f562019eb28e0b9bfb0', 2, '2022-12-08 03:10:26'),
(1474, 'BUSTANUL ARIFIN', '0066469171', '39ef83df38d1832718d2bcb415b919c8', 2, '2022-12-08 03:10:26'),
(1475, 'Dicky Wahyudi', '0048901708', '81a85b0fe346e940324f2a80a50c14f7', 2, '2022-12-08 03:10:26'),
(1476, 'Dio Alif Utama', '0054219595', 'a3b34617e91de8d21334669e8f06ed5f', 2, '2022-12-08 03:10:26'),
(1477, 'Dwi Putri Nurrahmah', '0059490021', '92592478562f1006a2bd6becbb0fcd4c', 2, '2022-12-08 03:10:26'),
(1478, 'Enjhin Goesti Setiawan', '0012547456', '4971447fdb373c19a103b65c63f5e9f1', 2, '2022-12-08 03:10:26'),
(1479, 'FADILIA', '0045869918', 'a0d95ee33e9efdb5265a1f6e6a07348a', 2, '2022-12-08 03:10:26'),
(1480, 'FAJAR GALIH RAGA', '0047158435', 'c1d19190835d669652c69bf8fcd6d734', 2, '2022-12-08 03:10:26'),
(1481, 'Figo Tegar Pradana', '0035245849', 'e415d2e404d5cedccd1d09f3f0b0593e', 2, '2022-12-08 03:10:26'),
(1482, 'Fila Hatul Hasanah', '0055000360', 'eae37c9dd4b20a1b2afb87fee8b5bf28', 2, '2022-12-08 03:10:26'),
(1483, 'Ibnu Agil', '0009256034', '06b2784299470d1e85fb0777724ccb1b', 2, '2022-12-08 03:10:26'),
(1484, 'Lusi Agustin', '0058338836', '73965b17a596760d3acea5a1e2ed2c92', 2, '2022-12-08 03:10:26'),
(1485, 'MOCHAMMAD SATRIO PRAYOGO', '0054807768', '05ffeddfcfa3b93185dd76ca71049f95', 2, '2022-12-08 03:10:26'),
(1486, 'Mohammad Fauzi', '3031593232', '47ac79e2baafaf18fce9d4d4fc2a7110', 2, '2022-12-08 03:10:26'),
(1487, 'Muhammad Nadif', '0055921269', 'd9eb7579824ab54e3fc59c09abf9b882', 2, '2022-12-08 03:10:26'),
(1488, 'MUHAMMAD RIZAL UMAM', '0047747158', 'd169287ee6cf2526c981e80ad610e54f', 2, '2022-12-08 03:10:26'),
(1489, 'Muhammad Sobri Ramadani', '0049126942', '21f79730725eba6920598c7e1c31d763', 2, '2022-12-08 03:10:26'),
(1490, 'Musdalifah Adahana', '0045899158', '1898ee9b83e8db3254c460cf2debc427', 2, '2022-12-08 03:10:26'),
(1491, 'Prasetyo Dwi Auton', '0047187126', 'c68cf8cb47c2de20aee2a65908a0b4a4', 2, '2022-12-08 03:10:26'),
(1492, 'Rama Anggara Putra', '0056919078', 'dd3c71d8a405384d232978d8039decdc', 2, '2022-12-08 03:10:26'),
(1493, 'Rico Siswanto', '0045195777', 'ca3ff2a4e6c45d354862da87b282851d', 2, '2022-12-08 03:10:26'),
(1494, 'Sam Haki', '3041811322', '5ae1fabb55de2a86f292de00ac921e53', 2, '2022-12-08 03:10:26'),
(1495, 'Saoki', '0048148183', '4671f75287f14bdcfedceb418ad2e9ee', 2, '2022-12-08 03:10:26'),
(1496, 'Sisiliya Karisma', '0048361994', '33bb5c8c17b717b5a68b7e310c7dfa50', 2, '2022-12-08 03:10:26'),
(1497, 'Sofi Jamil Amrullah', '0053938999', 'f4f7465661a3eda70160b8a42afb5bb0', 2, '2022-12-08 03:10:26'),
(1498, 'Suprapto', '0048308432', '2f6d84bd0beb80eb82372600c5ef30c7', 2, '2022-12-08 03:10:26'),
(1499, 'Sutini', '3050624799', 'e555148d4f4e9eb61aa294c0ff04d9d5', 2, '2022-12-08 03:10:26'),
(1500, 'Wahet Husen', '3044912515', '3fd7c083ce9654bdc0431fb4225c5b17', 2, '2022-12-08 03:10:26'),
(1501, 'Waldy Afwana Gusty', '0055100549', '69f6fc94a9659e38df346dc10d618031', 2, '2022-12-08 03:10:26'),
(1502, 'Wiwin', '0043422207', '94e916efb3be85b67daad9a2951c618d', 2, '2022-12-08 03:10:26'),
(1503, 'Abidatin Nazila', '0055865542', '67235c8ad2abcc6dc630697f9b068f77', 2, '2022-12-08 03:10:26'),
(1504, 'ADIDTIYA NURFAKIH', '0068447844', '73a69c1abeff71bd64eb7c414d0f629a', 2, '2022-12-08 03:10:26'),
(1505, 'ADITIYA MAULANA', '0044944860', '1ce764a52f0c41a2f93e2b51f4f3237f', 2, '2022-12-08 03:10:26'),
(1506, 'ADITYA YOGA PRADANA', '0052910598', '0884ef766c437d136b8239f3af6aa489', 2, '2022-12-08 03:10:26'),
(1507, 'Agil Dzikrulloh', '0032662950', '8cb57dc8a38582b2ec7ecea423b889be', 2, '2022-12-08 03:10:26'),
(1508, 'AHMAD MUBAROK', '0051615757', '86a6f7ccc255795ea2c29d3159c7add1', 2, '2022-12-08 03:10:26'),
(1509, 'Ali Makin', '0049852316', '79480a09a62ab4bae429fbac04ce99a1', 2, '2022-12-08 03:10:26'),
(1510, 'Anisatul Maulidah', '0047184092', '6d9edc68da2374f2543ab7081b0ad730', 2, '2022-12-08 03:10:26'),
(1511, 'BAYU ARDIANSYAH', '0051014739', '44c6ebf6fa5af6c8aabe946973903515', 2, '2022-12-08 03:10:26'),
(1512, 'DHIMAS HIDAYATULLAH', '0056148052', '6435a722350b4783255767a05a9b6c5d', 2, '2022-12-08 03:10:26'),
(1513, 'DITO DARMAYANTO', '0039552594', '8e67df52d4f7db9e0e410b86e474ba09', 2, '2022-12-08 03:10:26'),
(1514, 'Faisol', '0044823188', '56d362e70f915d0580fb16af24580f9d', 2, '2022-12-08 03:10:26'),
(1515, 'Firman Hidayat', '0046474028', '6f9938326466c7c4041bfd122abdb80d', 2, '2022-12-08 03:10:26'),
(1516, 'HERFAN', '0047741527', '8c32aef2e997f92b2d7901eaeb1905f1', 2, '2022-12-08 03:10:26'),
(1517, 'Hilyatun Nafia', '0055529552', '3dd724b3281c928b43bc910c9fd83863', 2, '2022-12-08 03:10:26'),
(1518, 'IRWAN EFENDI', '0043104167', '7f278898d325aab64ee6e91817c61487', 2, '2022-12-08 03:10:26'),
(1519, 'MOCHAMMAD SAIFUL ANWAR', '0051009217', '48b4aeb471c19f8e9bcdd51756f0135f', 2, '2022-12-08 03:10:26'),
(1520, 'MOHAMMAD NAUFAL AKBAR RAMADHAN', '0044873981', 'c868e106869a329dc92344dde67aa075', 2, '2022-12-08 03:10:26'),
(1521, 'MOHAMMAD SANDI RIFANDO', '0045307658', '97c65e0beefd446b730cf3bad77b7b89', 2, '2022-12-08 03:10:26'),
(1522, 'MUHAMMAD AL JASULI', '0047454824', '02c1a128452014c31e0d23d41a855f09', 2, '2022-12-08 03:10:26'),
(1523, 'Muhammad Alaikal Huda', '0048961185', 'b79906f285d1dce279abe1b66e8f5118', 2, '2022-12-08 03:10:26'),
(1524, 'Muhammad Nofal Afandi', '0045464302', 'e6cc5b5b2da6849fb50ce16c1be19491', 2, '2022-12-08 03:10:26'),
(1525, 'Niko Hernanda', '0055966419', '06289c22abee2543e77ea05849f9d4ec', 2, '2022-12-08 03:10:26'),
(1526, 'Nur Hasanah', '3051791064', '63dfd428c70e47dfca9cf7461e3afa0b', 2, '2022-12-08 03:10:26'),
(1527, 'Rendi Setyo Prabowo', '0047300409', 'b1f621924bf47061c81ba3c5425b3eaf', 2, '2022-12-08 03:10:26'),
(1528, 'RHOMZATUL WIDO\'A', '0044187665', '9e61d9c7461126aba5e2db1d47bc0fb1', 2, '2022-12-08 03:10:26'),
(1529, 'Samsudi', '0048045934', '75b0e7e28b6e7db154964adfffa1772f', 2, '2022-12-08 03:10:26'),
(1530, 'Serlina', '0043526949', '133d7d1954eda5325acde129a07f81c1', 2, '2022-12-08 03:10:26'),
(1531, 'Siti Jamila', '0045103496', 'e26bb523977f432d297a94bd45127e0b', 2, '2022-12-08 03:10:26'),
(1532, 'SOFAN JINAN AL FAJAR', '0049989911', '52dee8c0b145a03478976567580a3205', 2, '2022-12-08 03:10:26'),
(1533, 'Sri Wahyuni', '3036036324', 'b4c7c078b41e0021dd42b1ff17fa70f9', 2, '2022-12-08 03:10:26'),
(1534, 'Syaiful Basri', '0045529530', '4169c7e9891b3404e9b372abc16721ee', 2, '2022-12-08 03:10:26'),
(1535, 'Yusuf Efendi', '0039395516', '21e8bf3a8677472da891bd168d14b7f2', 2, '2022-12-08 03:10:26'),
(1536, 'Alfiyah Sakinah', '3058259996', '96aabc6f0efdb22dd217d92a5ab52068', 2, '2022-12-08 03:10:26'),
(1537, 'Amiliyarifka Andini', '0052528717', 'af9f9f71dd43a3e6d122057b1348387d', 2, '2022-12-08 03:10:26'),
(1538, 'Andriani Susmindari', '3039440748', 'b83c162b63eb7d37e427bd49bd78354c', 2, '2022-12-08 03:10:26'),
(1539, 'Aqimul Ihsan', '0046404789', 'e58ff9a786cf685b6b1e8b839e828e59', 2, '2022-12-08 03:10:26'),
(1540, 'Dean Aditya', '0037953958', 'c61c2a4f93157453dfdc2292d0ece4be', 2, '2022-12-08 03:10:26'),
(1541, 'Dita Hermawan', '0049527304', '3952f91ebdba384005377d2234ae9d2c', 2, '2022-12-08 03:10:26'),
(1542, 'Elasta Dwi Antika', '0046499054', '9a3a259fcd43dc36f103a81e91d9a79c', 2, '2022-12-08 03:10:26'),
(1543, 'Erfina Aulia Putri', '0057266683', 'ab3a8d9142891229887a4f203a36623a', 2, '2022-12-08 03:10:26'),
(1544, 'FAJAR PUTRA SETIAWAN', '0042765970', '055f066d6c04bd9be71908a68b406905', 2, '2022-12-08 03:10:26'),
(1545, 'Firman Rohidayatullah', '0051640475', '5040c101a43e5e58f3606ebfbeb1419a', 2, '2022-12-08 03:10:26'),
(1546, 'Gita Diah Ayu', '0052947666', 'ae7cb7bbafc03aad13f412caad7e10d5', 2, '2022-12-08 03:10:26'),
(1547, 'Hana Qonita', '3039219589', 'e85ebcfaefd8346c6ba40ffcf2c9840a', 2, '2022-12-08 03:10:26'),
(1548, 'HOLILAH', '0057173386', '1e1c8b0a56e3142bf63bc1f2d30a1fa1', 2, '2022-12-08 03:10:26'),
(1549, 'Hopi Paiturrahmah', '0049551002', '765827f530314baa420b407a5246acc0', 2, '2022-12-08 03:10:27'),
(1550, 'Ita Nurlaili', '3062621805', '9ea4ded57d7b51cfe62ad4826091b19e', 2, '2022-12-08 03:10:27'),
(1551, 'Mochammad Zhaenuri', '0047601105', '12475abb6864cbf5adb64b3d23e1b9f4', 2, '2022-12-08 03:10:27'),
(1552, 'Moh.riki', '3037640426', '06a25d0e8765293ef6889383e0d8cd7b', 2, '2022-12-08 03:10:27'),
(1553, 'MOHAMMAD DIDIT HERMANZA', '0044937400', 'd110fcfdf69ce68247d7cb1d5919a77a', 2, '2022-12-08 03:10:27'),
(1554, 'Mohammad Edwin Eka Putra', '0043964611', '9220d374c28e7024512c348915d79669', 2, '2022-12-08 03:10:27'),
(1555, 'MUHAMMAD FAJRI', '0062931136', '8c68a181baee3e7a224ee779e2fe900a', 2, '2022-12-08 03:10:27'),
(1556, 'nur azizah', '0049046033', '3715869842553abde825922cbcfbaffc', 2, '2022-12-08 03:10:27'),
(1557, 'Rahmat Syahid Kalijogo', '0058697735', 'e3af3db05a57305fd205a24903195028', 2, '2022-12-08 03:10:27'),
(1558, 'Rony Yusi Saputra', '0043381642', '1368e211c8dcfda52fd5bb336e8d61ec', 2, '2022-12-08 03:10:27'),
(1559, 'ROY GUNAWAN', '0036888198', 'b49ed629f9df4921a3ec2204e1461d3e', 2, '2022-12-08 03:10:27'),
(1560, 'SEPTIYA DWI PUSPIKO', '0042905322', '997ae58e125e6ba08532baf3d113a5a1', 2, '2022-12-08 03:10:27'),
(1561, 'SITI HOTIMAH', '0048857500', 'd711604757ed63fa574583e044f95bf3', 2, '2022-12-08 03:10:27'),
(1562, 'SONI PRANATA', '0038364747', '70e936593f3b2f04fe20925f2c91689b', 2, '2022-12-08 03:10:27'),
(1563, 'ZENDI GUNAWAN PRAYOGA', '0048816263', '5545866f10c95eca3a6fa96821b57315', 2, '2022-12-08 03:10:27'),
(1564, 'Aditya Prasetyo', '0046879002', '9954c8453961982a4d1919541045ac78', 2, '2022-12-08 03:10:27'),
(1565, 'ARJUNA', '0055789214', '1d695ff6e9e081e80081ff4009cbfb1c', 2, '2022-12-08 03:10:27'),
(1566, 'Fara Dilla', '3052971750', 'c7bc6b7a482056c1e8c249a86da48f85', 2, '2022-12-08 03:10:27'),
(1567, 'FELA PUTRI OKTASARI', '0049279889', 'e0185652c0a9afa6f9a6fbae3ec5cc55', 2, '2022-12-08 03:10:27'),
(1568, 'FERY FATHUL ROHMAN', '0056883524', '4f6658fa78ed0e1e0ae35a3909a6943e', 2, '2022-12-08 03:10:27'),
(1569, 'Fouria Damayanti', '3049815485', 'c7423d2ad1fbe62a62aa7b7ccd87c99a', 2, '2022-12-08 03:10:27'),
(1570, 'Hasanah', '3027116167', '649baf4c6f9aa5d6319128a1b41103a7', 2, '2022-12-08 03:10:27'),
(1571, 'Hosil', '0039586845', 'bf2a914f2b43ad136f78b026febe85f9', 2, '2022-12-08 03:10:27'),
(1572, 'Lucky Yanuar Pratama', '0053601736', '2437236765b7e92d95aa4b507ccbe313', 2, '2022-12-08 03:10:27'),
(1573, 'Maretha Sugiarti', '3052024361', '569cf0436c1f50b0c7af056835537a97', 2, '2022-12-08 03:10:27'),
(1574, 'Milanti', '0046170005', 'a26a3c61bc9e4ce49bd904692420fd27', 2, '2022-12-08 03:10:27'),
(1575, 'Moch Nuril Mukarrom', '3058479837', 'bfc39d3e3b3f8785dec24bf902f247f4', 2, '2022-12-08 03:10:27'),
(1576, 'Mochammad Samsul Arifin', '0035725225', 'cf21b6c4ff6737359f8c9a19b8620560', 2, '2022-12-08 03:10:27'),
(1577, 'Mohammad Abdurrahman', '0054285155', '7f94638a8470b6a0f01912ca401f0890', 2, '2022-12-08 03:10:27'),
(1578, 'muhammad junaedi', '0044376328', 'f9ad92af8801c5a274a852f1f9b99e50', 2, '2022-12-08 03:10:27'),
(1579, 'Muhammad Yayan', '0057142266', 'ac4a3619fe97852e28bc419a89d0c712', 2, '2022-12-08 03:10:27'),
(1580, 'Nadiya', '3069388964', '53792f6a66c7f57b9c922355d5a4ff91', 2, '2022-12-08 03:10:27'),
(1581, 'NANDO PUTRA LIBRATA DEWA PRASETYO', '0046478988', '9ecb191f267ae7855ef993abedc70ac4', 2, '2022-12-08 03:10:27'),
(1582, 'Rifa Dwi Fadziah', '0056429294', '5252920a461952fd5240cea17c287500', 2, '2022-12-08 03:10:27'),
(1583, 'Rindy Oktanea', '0042940495', '5e14a802a87b149bf479573cd41df628', 2, '2022-12-08 03:10:27'),
(1584, 'Rio Ardiansyah', '3041322464', 'a5827d64c85140993dcea34671642a1d', 2, '2022-12-08 03:10:27'),
(1585, 'RIVALDI', '0047219429', 'e64f14dbb9ad0f8e7377147589f3488f', 2, '2022-12-08 03:10:27'),
(1586, 'Rofiatur Robiah', '0059396466', 'c2ae5d94655f2a754877861515e84c9d', 2, '2022-12-08 03:10:27'),
(1587, 'Saenal Arifin', '0049686264', '752fb82f2e234ff0a8a91f4a02efc58b', 2, '2022-12-08 03:10:27'),
(1588, 'Saifiatur Rahmah', '3042035180', '41ff52728e7a55886ee71b40fc837e05', 2, '2022-12-08 03:10:27'),
(1589, 'Siti Vilatul Jannah', '0048692588', 'f0936abfbaf9d20d5c0ef4ac26ab3279', 2, '2022-12-08 03:10:27'),
(1590, 'Sitti Hikmatul Maula', '0047818253', 'f886933db6821d4a7bbeefd3ea1b1b9a', 2, '2022-12-08 03:10:27'),
(1591, 'Suci Maulidia', '3057235343', '62f6d4e666e8095c16462c6d377816c9', 2, '2022-12-08 03:10:27'),
(1592, 'Susi Nurcahyawati', '0056656285', '9a7b342319b20f20d3f2a9899a8d7f21', 2, '2022-12-08 03:10:27'),
(1593, 'Wanda Yuliana Dewi', '3049249200', 'b964f554a8bb34af17716d16445b207d', 2, '2022-12-08 03:10:27');

--
-- Indexes for dumped tables
--

--
-- Indeks untuk tabel `calon_osis`
--
ALTER TABLE `calon_osis`
  ADD PRIMARY KEY (`id_calon`);

--
-- Indeks untuk tabel `hasil_voting`
--
ALTER TABLE `hasil_voting`
  ADD PRIMARY KEY (`id_user`) USING BTREE,
  ADD KEY `id_calon` (`id_calon`) USING BTREE;

--
-- Indeks untuk tabel `setting_waktu`
--
ALTER TABLE `setting_waktu`
  ADD PRIMARY KEY (`id_setting`);

--
-- Indeks untuk tabel `users`
--
ALTER TABLE `users`
  ADD PRIMARY KEY (`id_user`);

--
-- AUTO_INCREMENT untuk tabel yang dibuang
--

--
-- AUTO_INCREMENT untuk tabel `calon_osis`
--
ALTER TABLE `calon_osis`
  MODIFY `id_calon` int(11) NOT NULL AUTO_INCREMENT, AUTO_INCREMENT=5;

--
-- AUTO_INCREMENT untuk tabel `setting_waktu`
--
ALTER TABLE `setting_waktu`
  MODIFY `id_setting` int(11) NOT NULL AUTO_INCREMENT, AUTO_INCREMENT=2;

--
-- AUTO_INCREMENT untuk tabel `users`
--
ALTER TABLE `users`
  MODIFY `id_user` int(11) NOT NULL AUTO_INCREMENT, AUTO_INCREMENT=1594;

--
-- Ketidakleluasaan untuk tabel pelimpahan (Dumped Tables)
--

--
-- Ketidakleluasaan untuk tabel `hasil_voting`
--
ALTER TABLE `hasil_voting`
  ADD CONSTRAINT `hasil_voting_ibfk_1` FOREIGN KEY (`id_calon`) REFERENCES `calon_osis` (`id_calon`),
  ADD CONSTRAINT `hasil_voting_ibfk_2` FOREIGN KEY (`id_user`) REFERENCES `users` (`id_user`);
COMMIT;

/*!40101 SET CHARACTER_SET_CLIENT=@OLD_CHARACTER_SET_CLIENT */;
/*!40101 SET CHARACTER_SET_RESULTS=@OLD_CHARACTER_SET_RESULTS */;
/*!40101 SET COLLATION_CONNECTION=@OLD_COLLATION_CONNECTION */;
